ttid,rank,title,fulltitle,year,image_url,crew,imdb_rating,imdb_rating_count
tt5491994,1,Planet Earth II,Planet Earth II (2016),2016,"https://m.media-amazon.com/images/M/MV5BZWYxODViMGYtMGE2ZC00ZGQ3LThhMWUtYTVkNGE3OWU4NWRkL2ltYWdlL2ltYWdlXkEyXkFqcGdeQXVyMjYwNDA2MDE@._V1_UX128_CR0,3,128,176_AL_.jpg","David Attenborough, Gordon Buchanan",9.5,110648
tt0795176,2,Planet Earth,Planet Earth (2006),2006,"https://m.media-amazon.com/images/M/MV5BNmZlYzIzMTItY2EzYS00YTEyLTg0ZjEtMDMzZjM3ODdhN2UzXkEyXkFqcGdeQXVyNjI0MDg2NzE@._V1_UX128_CR0,3,128,176_AL_.jpg","Sigourney Weaver, David Attenborough",9.4,178551
tt0903747,3,Breaking Bad,Breaking Bad (2008),2008,"https://m.media-amazon.com/images/M/MV5BOThjODMyM2QtNTNhYi00ZGM4LWIxZTAtMDAyYWNhYzYxMjJiXkEyXkFqcGdeQXVyMTMzNDExODE5._V1_UY176_CR0,0,128,176_AL_.jpg","Bryan Cranston, Aaron Paul",9.4,1673758
tt0185906,4,Band of Brothers,Band of Brothers (2001),2001,"https://m.media-amazon.com/images/M/MV5BMTI3ODc2ODc0M15BMl5BanBnXkFtZTYwMjgzNjc3._V1_UX128_CR0,3,128,176_AL_.jpg","Scott Grimes, Damian Lewis",9.4,416805
tt7366338,5,Chernobyl,Chernobyl (2019),2019,"https://m.media-amazon.com/images/M/MV5BZGQ2YmMxZmEtYjI5OS00NzlkLTlkNTEtYWMyMzkyMzc2MDU5XkEyXkFqcGdeQXVyMzQ2MDI5NjU@._V1_UX128_CR0,3,128,176_AL_.jpg","Jessie Buckley, Jared Harris",9.3,657454
tt0306414,6,The Wire,The Wire (2002),2002,"https://m.media-amazon.com/images/M/MV5BNTllYzFhMjAtZjExNS00MjM4LWE5YmMtOGFiZGRlOTU5YzJiXkEyXkFqcGdeQXVyNDIzMzcwNjc@._V1_UX128_CR0,3,128,176_AL_.jpg","Dominic West, Lance Reddick",9.3,318400
tt6769208,7,Blue Planet II,Blue Planet II (2017),2017,"https://m.media-amazon.com/images/M/MV5BYjg2ODk0MjUtNmMzZS00MjY0LWI1YWMtN2JhMjRmZGUwY2I3XkEyXkFqcGdeQXVyMTMxODk2OTU@._V1_UX128_CR0,1,128,176_AL_.jpg","David Attenborough, Peter Drost",9.3,38760
tt9253866,8,Our Planet,Our Planet (2019),2019,"https://m.media-amazon.com/images/M/MV5BN2I1ZjA5YjQtYmQ0ZS00ZmE1LTk1ZjktNTQ5ODIzY2JiZDdhXkEyXkFqcGdeQXVyNjg2NjQwMDQ@._V1_UX128_CR0,3,128,176_AL_.jpg",David Attenborough,9.2,40616
tt2395695,9,Cosmos: A Spacetime Odyssey,Cosmos: A Spacetime Odyssey (2014),2014,"https://m.media-amazon.com/images/M/MV5BZTk5OTQyZjYtMDk3Yy00YjhmLWE2MTYtZmY4NTg1YWUzZTQ0XkEyXkFqcGdeQXVyNTA4NzY1MzY@._V1_UX128_CR0,3,128,176_AL_.jpg","Neil deGrasse Tyson, Christopher Emerson",9.2,118496
tt0417299,10,Avatar: The Last Airbender,Avatar: The Last Airbender (2005),2005,"https://m.media-amazon.com/images/M/MV5BODc5YTBhMTItMjhkNi00ZTIxLWI0YjAtNTZmOTY0YjRlZGQ0XkEyXkFqcGdeQXVyODUwNjEzMzg@._V1_UX128_CR0,3,128,176_AL_.jpg","Dee Bradley Baker, Zach Tyler Eisen",9.2,288632
tt0081846,11,Cosmos,Cosmos (1980),1980,"https://m.media-amazon.com/images/M/MV5BMTY4MGQyNjgtMzdmZS00MjQ5LWIyMzItYjYyZmQzNjVhYjMyXkEyXkFqcGdeQXVyNTA4NzY1MzY@._V1_UX128_CR0,1,128,176_AL_.jpg","Carl Sagan, Jaromír Hanzlík",9.2,39964
tt0141842,12,The Sopranos,The Sopranos (1999),1999,"https://m.media-amazon.com/images/M/MV5BZGJjYzhjYTYtMDBjYy00OWU1LTg5OTYtNmYwOTZmZjE3ZDdhXkEyXkFqcGdeQXVyNTAyODkwOQ@@._V1_UX128_CR0,1,128,176_AL_.jpg","James Gandolfini, Lorraine Bracco",9.2,363408
tt0944947,13,Game of Thrones,Game of Thrones (2011),2011,"https://m.media-amazon.com/images/M/MV5BYTRiNDQwYzAtMzVlZS00NTI5LWJjYjUtMzkwNTUzMWMxZTllXkEyXkFqcGdeQXVyNDIzMzcwNjc@._V1_UY176_CR0,0,128,176_AL_.jpg","Emilia Clarke, Peter Dinklage",9.2,1956923
tt2861424,14,Rick and Morty,Rick and Morty (2013),2013,"https://m.media-amazon.com/images/M/MV5BZjRjOTFkOTktZWUzMi00YzMyLThkMmYtMjEwNmQyNzliYTNmXkEyXkFqcGdeQXVyNzQ1ODk3MTQ@._V1_UX128_CR0,3,128,176_AL_.jpg","Justin Roiland, Chris Parnell",9.1,462697
tt0071075,15,The World at War,The World at War (1973),1973,"https://m.media-amazon.com/images/M/MV5BYzExN2NhZDctOWEzMy00NzYwLTg3MDktNjYyNTQyOWY4MGYwXkEyXkFqcGdeQXVyNTAyODkwOQ@@._V1_UX128_CR0,1,128,176_AL_.jpg","Laurence Olivier, Albert Speer",9.1,24822
tt8420184,16,The Last Dance,The Last Dance (2020),2020,"https://m.media-amazon.com/images/M/MV5BY2U1ZTU4OWItNGU2MC00MTg1LTk4NzUtYTk3ODhjYjI0MzlmXkEyXkFqcGdeQXVyMTkxNjUyNQ@@._V1_UX128_CR0,3,128,176_AL_.jpg","Michael Jordan, Phil Jackson",9.1,106897
tt1533395,17,Life,Life (2009),2009,"https://m.media-amazon.com/images/M/MV5BNjJhMTAxZjYtNWZkYy00Nzg1LTlkYjItZTNhZWRjNzkxMDg3XkEyXkFqcGdeQXVyNTA4NzY1MzY@._V1_UX128_CR0,1,128,176_AL_.jpg","Oprah Winfrey, David Attenborough",9.1,40193
tt1355642,18,Fullmetal Alchemist: Brotherhood,Fullmetal Alchemist: Brotherhood (2009),2009,"https://m.media-amazon.com/images/M/MV5BZmEzN2YzOTItMDI5MS00MGU4LWI1NWQtOTg5ZThhNGQwYTEzXkEyXkFqcGdeQXVyNTA4NzY1MzY@._V1_UX128_CR0,1,128,176_AL_.jpg","Matthew Leonhart, Kent Williams",9.0,152159
tt1475582,19,Sherlock,Sherlock (2010),2010,"https://m.media-amazon.com/images/M/MV5BMWY3NTljMjEtYzRiMi00NWM2LTkzNjItZTVmZjE0MTdjMjJhL2ltYWdlL2ltYWdlXkEyXkFqcGdeQXVyNTQ4NTc5OTU@._V1_UX128_CR0,3,128,176_AL_.jpg","Benedict Cumberbatch, Martin Freeman",9.0,880595
tt1877514,20,The Vietnam War,The Vietnam War (2017),2017,"https://m.media-amazon.com/images/M/MV5BYWQ4ZGFhYmUtNDVhNC00N2VkLWIzYTQtOTk5ZTI1NWU2YjNlXkEyXkFqcGdeQXVyNTAyODkwOQ@@._V1_UY176_CR0,0,128,176_AL_.jpg","Peter Coyote, Huy Duc",9.0,23478
tt12392504,21,Scam 1992: The Harshad Mehta Story,Scam 1992: The Harshad Mehta Story (2020),2020,"https://m.media-amazon.com/images/M/MV5BNjgxZTMxNmQtZGFkZS00NDUyLTllMzYtOTE0ZjdlMjM1ZWU0XkEyXkFqcGdeQXVyMTAyMTE1MDA1._V1_UX128_CR0,3,128,176_AL_.jpg","Pratik Gandhi, Shreya Dhanwanthary",9.0,136884
tt11126994,22,Arcane,Arcane (2021),2021,"https://m.media-amazon.com/images/M/MV5BYmU5OWM5ZTAtNjUzOC00NmUyLTgyOWMtMjlkNjdlMDAzMzU1XkEyXkFqcGdeQXVyMDM2NDM2MQ@@._V1_UX128_CR0,3,128,176_AL_.jpg","Hailee Steinfeld, Kevin Alejandro",9.0,159703
tt0052520,23,The Twilight Zone,The Twilight Zone (1959),1959,"https://m.media-amazon.com/images/M/MV5BNTAzMDI5MzgtMGNkMC00MzllLWJhNjctNjA1NmViNGUxMzYxXkEyXkFqcGdeQXVyMTQxNzMzNDI@._V1_UX128_CR0,3,128,176_AL_.jpg","Rod Serling, Robert McCord",9.0,79590
tt9735318,24,The Beatles: Get Back,The Beatles: Get Back (2021),2021,"https://m.media-amazon.com/images/M/MV5BNjMxMjE5ZTEtMjgyOC00ODM4LWJjZDAtMjcwZDBlNzZhZTkyXkEyXkFqcGdeQXVyMDM2NDM2MQ@@._V1_UX128_CR0,3,128,176_AL_.jpg","The Beatles, John Lennon",9.0,17829
tt0296310,25,The Blue Planet,The Blue Planet (2001),2001,"https://m.media-amazon.com/images/M/MV5BMjI2NzVhM2UtODZlNS00Nzk1LTk4NDQtYTc0YWU4ODNlNGNjXkEyXkFqcGdeQXVyNjcwMzExMzU@._V1_UX128_CR0,3,128,176_AL_.jpg","David Attenborough, Pierce Brosnan",9.0,38284
tt0103359,26,Batman: The Animated Series,Batman: The Animated Series (1992),1992,"https://m.media-amazon.com/images/M/MV5BOTM3MTRkZjQtYjBkMy00YWE1LTkxOTQtNDQyNGY0YjYzNzAzXkEyXkFqcGdeQXVyOTgwMzk1MTA@._V1_UX128_CR0,3,128,176_AL_.jpg","Kevin Conroy, Loren Lester",9.0,97567
tt1806234,27,Human Planet,Human Planet (2011),2011,"https://m.media-amazon.com/images/M/MV5BMjdhZjQzYjYtM2FmNS00Y2ExLThjODEtZGQzY2M3OWYzYzc0XkEyXkFqcGdeQXVyNTAyODkwOQ@@._V1_UX128_CR0,1,128,176_AL_.jpg","John Hurt, Roger Munns",8.9,25757
tt0303461,28,Firefly,Firefly (2002),2002,"https://m.media-amazon.com/images/M/MV5BOTcwNzkwMDItZmM1OC00MmQ2LTgxYjgtOTNiNDgxZDAxMjk0XkEyXkFqcGdeQXVyNDQ0MTYzMDA@._V1_UX128_CR0,3,128,176_AL_.jpg","Nathan Fillion, Gina Torres",8.9,257666
tt2092588,29,Frozen Planet,Frozen Planet (2011),2011,"https://m.media-amazon.com/images/M/MV5BOGM5YWU2N2QtYjVhZi00MzYyLTk0ODctYmVlNDZlMjU5N2Q5XkEyXkFqcGdeQXVyMzU3MTc5OTE@._V1_UX128_CR0,3,128,176_AL_.jpg","David Attenborough, Alec Baldwin",8.9,29646
tt7920978,30,Persona,Persona (2018),2018,"https://m.media-amazon.com/images/M/MV5BOTJkNzJmYzgtZTZmNC00MTQ2LWE2ZGQtM2EyYjliNGViMTY5XkEyXkFqcGdeQXVyNDg4MjkzNDk@._V1_UX128_CR0,1,128,176_AL_.jpg","Haluk Bilginer, Cansu Dere",8.9,38686
tt10541088,31,Clarkson's Farm,Clarkson's Farm (2021),2021,"https://m.media-amazon.com/images/M/MV5BZGNhMDBjY2EtOTg1ZC00NGYwLWJlZDgtMTUxYmQ3MmRiMWJjXkEyXkFqcGdeQXVyNTI4MzE4MDU@._V1_UY176_CR0,0,128,176_AL_.jpg","Jeremy Clarkson, Kaleb Cooper",8.9,30671
tt0877057,32,Death Note,Death Note (2006),2006,"https://m.media-amazon.com/images/M/MV5BODkzMjhjYTQtYmQyOS00NmZlLTg3Y2UtYjkzN2JkNmRjY2FhXkEyXkFqcGdeQXVyNTM4MDQ5MDc@._V1_UX128_CR0,3,128,176_AL_.jpg","Mamoru Miyano, Brad Swaile",8.9,293850
tt0092337,33,Dekalog,Dekalog (1989),1989,"https://m.media-amazon.com/images/M/MV5BZWIzNDIzMTYtN2RiZS00NjA1LWFjNzMtOWQ0MDYxNWI1YTJiXkEyXkFqcGdeQXVyNTAyODkwOQ@@._V1_UX128_CR0,3,128,176_AL_.jpg","Artur Barcis, Olgierd Lukaszewicz",8.9,24885
tt2560140,34,Attack on Titan,Attack on Titan (2013),2013,"https://m.media-amazon.com/images/M/MV5BNzc5MTczNDQtNDFjNi00ZDU5LWFkNzItOTE1NzQzMzdhNzMxXkEyXkFqcGdeQXVyNTgyNTA4MjM@._V1_UX128_CR0,3,128,176_AL_.jpg","Yûki Kaji, Marina Inoue",8.9,327040
tt2356777,35,True Detective,True Detective (2014),2014,"https://m.media-amazon.com/images/M/MV5BMmRlYmE0Y2UtNDk2Yi00NzczLWEwZTEtZmE2OTcyYzcxYmU5XkEyXkFqcGdeQXVyNTMxMjgxMzA@._V1_UX128_CR0,1,128,176_AL_.jpg","Vince Vaughn, Colin Farrell",8.9,539253
tt0098769,36,The Civil War,The Civil War (1990),1990,"https://m.media-amazon.com/images/M/MV5BZDc1NzI2MGEtZDA2Yy00ZWExLTgwYmItNjU3N2QyYmM0MzYwXkEyXkFqcGdeQXVyNTA4NzY1MzY@._V1_UX128_CR0,1,128,176_AL_.jpg","David McCullough, Sam Waterston",8.9,15856
tt0213338,37,Cowboy Bebop,Cowboy Bebop (1998),1998,"https://m.media-amazon.com/images/M/MV5BNGNlNjBkODEtZThlOC00YzUxLWI0MjMtMjk3YzJmMDFlNWZlXkEyXkFqcGdeQXVyNjI0MDg2NzE@._V1_UX128_CR0,3,128,176_AL_.jpg","Kôichi Yamadera, Unshô Ishizuka",8.9,110173
tt2098220,38,Hunter x Hunter,Hunter x Hunter (2011),2011,"https://m.media-amazon.com/images/M/MV5BZjNmZDhkN2QtNDYyZC00YzJmLTg0ODUtN2FjNjhhMzE3ZmUxXkEyXkFqcGdeQXVyNjc2NjA5MTU@._V1_UX128_CR0,3,128,176_AL_.jpg","Issei Futamata, Megumi Han",8.9,83888
tt0386676,39,The Office,The Office (2005),2005,"https://m.media-amazon.com/images/M/MV5BMDNkOTE4NDQtMTNmYi00MWE0LWE4ZTktYTc0NzhhNWIzNzJiXkEyXkFqcGdeQXVyMzQ2MDI5NjU@._V1_UX128_CR0,3,128,176_AL_.jpg","Steve Carell, Jenna Fischer",8.9,520586
tt2802850,40,Fargo,Fargo (2014),2014,"https://m.media-amazon.com/images/M/MV5BN2NiMGE5M2UtNWNlNC00N2Y4LTkwOWUtMDlkMzEwNTcyOTcyXkEyXkFqcGdeQXVyMTkxNjUyNQ@@._V1_UX128_CR0,3,128,176_AL_.jpg","Billy Bob Thornton, Martin Freeman",8.9,358125
tt7137906,41,When They See Us,When They See Us (2019),2019,"https://m.media-amazon.com/images/M/MV5BZmJjM2YzOWEtOTYxYi00YjhkLTliMzgtMTA2MTc0NDQ1MDM4XkEyXkFqcGdeQXVyODY5OTk4MA@@._V1_UX128_CR0,3,128,176_AL_.jpg","Asante Blackk, Caleel Harris",8.8,112172
tt2571774,42,Africa,Africa (2013),2013,"https://m.media-amazon.com/images/M/MV5BMjFkYzk3ZDktYThjZC00NDgzLWIzYWEtMjI0N2Y0ZmE5ZDMwXkEyXkFqcGdeQXVyNTAyODkwOQ@@._V1_UX128_CR0,1,128,176_AL_.jpg","David Attenborough, Simon Blakeney",8.8,15632
tt1508238,43,Apocalypse: The Second World War,Apocalypse: The Second World War (2009),2009,"https://m.media-amazon.com/images/M/MV5BMzEyMmM1ZGMtZTgwMS00Y2Y4LTg0MTItMGRiZGE3YTVhYjU3L2ltYWdlXkEyXkFqcGdeQXVyNTAyODkwOQ@@._V1_UY176_CR3,0,128,176_AL_.jpg","Mathieu Kassovitz, Martin Sheen",8.8,11938
tt0081912,44,Only Fools and Horses,Only Fools and Horses (1981),1981,"https://m.media-amazon.com/images/M/MV5BYmI1NGIwNzYtOTVlMS00ZGYwLWE0ZTktYzVmMGVlMmRmN2QxXkEyXkFqcGdeQXVyNTA4NzY1MzY@._V1_UX128_CR0,1,128,176_AL_.jpg","David Jason, Nicholas Lyndhurst",8.8,49935
tt4742876,45,TVF Pitchers,TVF Pitchers (2015),2015,"https://m.media-amazon.com/images/M/MV5BMjQwNTQ5MjAxNF5BMl5BanBnXkFtZTgwNTU0MDA3NjE@._V1_UX128_CR0,3,128,176_AL_.jpg","Naveen Kasturia, Arunabh Kumar",8.8,65486
tt3530232,46,Last Week Tonight with John Oliver,Last Week Tonight with John Oliver (2014),2014,"https://m.media-amazon.com/images/M/MV5BNDk4OTBkMGUtZWI3NC00M2Y0LWJjNjAtZmVjMGNiNDMyMmViXkEyXkFqcGdeQXVyNTE1NjY5Mg@@._V1_UX128_CR0,3,128,176_AL_.jpg","John Oliver, David Kaye",8.8,85380
tt1865718,47,Gravity Falls,Gravity Falls (2012),2012,"https://m.media-amazon.com/images/M/MV5BMTEzNDc3MDQ2NzNeQTJeQWpwZ15BbWU4MDYzMzUwMDIx._V1_UX128_CR0,3,128,176_AL_.jpg","Jason Ritter, Alex Hirsch",8.8,93972
tt0098904,48,Seinfeld,Seinfeld (1989),1989,"https://m.media-amazon.com/images/M/MV5BZjZjMzQ2ZmUtZWEyZC00NWJiLWFjM2UtMzhmYzZmZDcxMzllXkEyXkFqcGdeQXVyNTA4NzY1MzY@._V1_UX128_CR0,1,128,176_AL_.jpg","Jerry Seinfeld, Julia Louis-Dreyfus",8.8,295864
tt0081834,49,Das Boot,Das Boot (1985),1985,"https://m.media-amazon.com/images/M/MV5BNTBhZTQzZGEtZmRiOS00MzAwLWI5MzQtYTc1YTRhMzU3NzQ5XkEyXkFqcGdeQXVyNzkwMjQ5NzM@._V1_UX128_CR0,1,128,176_AL_.jpg","Jürgen Prochnow, Herbert Grönemeyer",8.8,28954
tt2297757,50,Nathan for You,Nathan for You (2013),2013,"https://m.media-amazon.com/images/M/MV5BOGY4ZWM1MDUtZmM3MS00ZjAxLTkyYzMtMjgxODI1YzkzNGUwXkEyXkFqcGdeQXVyNzk2NzE5Mjk@._V1_UY176_CR0,0,128,176_AL_.jpg","Nathan Fielder, Anthony Filosa",8.8,25097
tt0063929,51,Monty Python's Flying Circus,Monty Python's Flying Circus (1969),1969,"https://m.media-amazon.com/images/M/MV5BMWY2ZGI0OGUtZDc3YS00ZmVjLWJiNWQtZDdmNzFmM2UzYWFhXkEyXkFqcGdeQXVyNTA4NzY1MzY@._V1_UX128_CR0,1,128,176_AL_.jpg","Graham Chapman, John Cleese",8.8,72331
tt13991232,52,1883,1883 (2021),2021,"https://m.media-amazon.com/images/M/MV5BNDZkZDdkMjYtMGI3Yi00MmVkLTkzZjQtMGI0NGViNzIzNjhjXkEyXkFqcGdeQXVyMDA4NzMyOA@@._V1_UX128_CR0,3,128,176_AL_.jpg","Sam Elliott, Tim McGraw",8.8,33382
tt0108778,53,Friends,Friends (1994),1994,"https://m.media-amazon.com/images/M/MV5BNDVkYjU0MzctMWRmZi00NTkxLTgwZWEtOWVhYjZlYjllYmU4XkEyXkFqcGdeQXVyNTA4NzY1MzY@._V1_UX128_CR0,3,128,176_AL_.jpg","Jennifer Aniston, Courteney Cox",8.8,937417
tt0112130,54,Pride and Prejudice,Pride and Prejudice (1995),1995,"https://m.media-amazon.com/images/M/MV5BMDM0MjFlOGYtNTg2ZC00MmRkLTg5OTQtM2U5ZjUyYTgxZThiXkEyXkFqcGdeQXVyNTAyODkwOQ@@._V1_UX128_CR0,1,128,176_AL_.jpg","Colin Firth, Jennifer Ehle",8.8,82106
tt2085059,55,Black Mirror,Black Mirror (2011),2011,"https://m.media-amazon.com/images/M/MV5BYTM3YWVhMDMtNjczMy00NGEyLWJhZDctYjNhMTRkNDE0ZTI1XkEyXkFqcGdeQXVyMTkxNjUyNQ@@._V1_UX128_CR0,3,128,176_AL_.jpg","Daniel Lapaine, Hannah John-Kamen",8.7,506177
tt0098936,56,Twin Peaks,Twin Peaks (1990),1990,"https://m.media-amazon.com/images/M/MV5BMTExNzk2NjcxNTNeQTJeQWpwZ15BbWU4MDcxOTczOTIx._V1_UY176_CR3,0,128,176_AL_.jpg","Kyle MacLachlan, Michael Ontkean",8.7,190186
tt3718778,57,Over the Garden Wall,Over the Garden Wall (2014),2014,"https://m.media-amazon.com/images/M/MV5BYjQwZDhhNzctNTZjYy00NjYzLWE3ZjctNGQwZWY2Zjg5NTgwL2ltYWdlL2ltYWdlXkEyXkFqcGdeQXVyNTAyODkwOQ@@._V1_UX128_CR0,1,128,176_AL_.jpg","Elijah Wood, Collin Dean",8.7,50310
tt9432978,58,Kota Factory,Kota Factory (2019),2019,"https://m.media-amazon.com/images/M/MV5BOGVmMGYwZTEtOGFlYS00ODRhLTg3M2MtMzc1OGNhNzU3N2IzXkEyXkFqcGdeQXVyNDY4NjAxNTc@._V1_UX128_CR0,3,128,176_AL_.jpg","Mayur More, Jitendra Kumar",8.7,66350
tt7660850,59,Succession,Succession (2018),2018,"https://m.media-amazon.com/images/M/MV5BZDE0ODVlYjktNjJiMC00ODk4LWIwNTktMWRhZmZiOGFhYmUwXkEyXkFqcGdeQXVyMTkxNjUyNQ@@._V1_UY176_CR6,0,128,176_AL_.jpg","Nicholas Braun, Brian Cox",8.7,117940
tt0072500,60,Fawlty Towers,Fawlty Towers (1975),1975,"https://m.media-amazon.com/images/M/MV5BNzg2NWQ5MDQtMWY0MC00MWFiLWIyMDEtYTI2MTMzN2YzOTI0XkEyXkFqcGdeQXVyNTA4NzExMDg@._V1_UX128_CR0,3,128,176_AL_.jpg","John Cleese, Prunella Scales",8.7,90445
tt0472954,61,It's Always Sunny in Philadelphia,It's Always Sunny in Philadelphia (2004),2004,"https://m.media-amazon.com/images/M/MV5BMzg3ODVjZTYtZTAyNC00MzVjLTk3NmUtMGI4ZjZmNGQ1NmY4XkEyXkFqcGdeQXVyMzQ2MDI5NjU@._V1_UX128_CR0,3,128,176_AL_.jpg","Charlie Day, Glenn Howerton",8.7,212782
tt3032476,62,Better Call Saul,Better Call Saul (2015),2015,"https://m.media-amazon.com/images/M/MV5BMGE4YzY4NGEtOWYyYS00ZDk2LWExMmMtZDIyODhiMmNlMGE0XkEyXkFqcGdeQXVyMTkxNjUyNQ@@._V1_UX128_CR0,3,128,176_AL_.jpg","Bob Odenkirk, Rhea Seehorn",8.7,381252
tt0096548,63,Blackadder Goes Forth,Blackadder Goes Forth (1989),1989,"https://m.media-amazon.com/images/M/MV5BMTQ0OTc1NTU1NV5BMl5BanBnXkFtZTcwNDk1NDYxMQ@@._V1_UX128_CR0,1,128,176_AL_.jpg","Rowan Atkinson, Tony Robinson",8.7,51529
tt2707408,64,Narcos,Narcos (2015),2015,"https://m.media-amazon.com/images/M/MV5BNmFjODU3YzgtMGUwNC00ZGI3LWFkZjQtMjkxZDc3NmQ1MzcyXkEyXkFqcGdeQXVyNjUwNzk3NDc@._V1_UX128_CR0,3,128,176_AL_.jpg","Pedro Pascal, Wagner Moura",8.7,398803
tt10986410,65,Ted Lasso,Ted Lasso (2020),2020,"https://m.media-amazon.com/images/M/MV5BMDVmODUzNmEtMGMxZC00NWUzLTkxMTAtMDM5OTQzMWE0ZDM3XkEyXkFqcGdeQXVyMDM2NDM2MQ@@._V1_UX128_CR0,3,128,176_AL_.jpg","Jason Sudeikis, Brett Goldstein",8.7,167497
tt0353049,66,Chappelle's Show,Chappelle's Show (2003),2003,"https://m.media-amazon.com/images/M/MV5BOWNjYTg5NGMtOWRjNy00ZGNlLTg2MmYtZjQ5NTM0MTQxOGM2XkEyXkFqcGdeQXVyNTA4NzY1MzY@._V1_UX128_CR0,1,128,176_AL_.jpg","Dave Chappelle, Donnell Rawlings",8.7,61256
tt0193676,67,Freaks and Geeks,Freaks and Geeks (1999),1999,"https://m.media-amazon.com/images/M/MV5BZWJhOGFiZWMtYTY5Ni00NGU1LWE5OWItNzA5NThkNWUwYzc4XkEyXkFqcGdeQXVyNTA4NzY1MzY@._V1_UX128_CR0,1,128,176_AL_.jpg","Linda Cardellini, John Francis Daley",8.7,138088
tt8111088,68,The Mandalorian,The Mandalorian (2019),2019,"https://m.media-amazon.com/images/M/MV5BZDhlMzY0ZGItZTcyNS00ZTAxLWIyMmYtZGQ2ODg5OWZiYmJkXkEyXkFqcGdeQXVyODkzNTgxMDg@._V1_UX128_CR0,3,128,176_AL_.jpg","Pedro Pascal, Carl Weathers",8.7,409556
tt0200276,69,The West Wing,The West Wing (1999),1999,"https://m.media-amazon.com/images/M/MV5BNjk3ZWE3ZDctN2Q1YS00NzNhLWFjNmYtZTkwYWQxZmQ3NzM3XkEyXkFqcGdeQXVyNTE1NjY5Mg@@._V1_UX128_CR0,3,128,176_AL_.jpg","Martin Sheen, Rob Lowe",8.7,72027
tt2442560,70,Peaky Blinders,Peaky Blinders (2013),2013,"https://m.media-amazon.com/images/M/MV5BMTkzNjEzMDEzMF5BMl5BanBnXkFtZTgwMDI0MjE4MjE@._V1_UX128_CR0,3,128,176_AL_.jpg","Cillian Murphy, Paul Anderson",8.7,457678
tt1910272,71,Steins;Gate,Steins;Gate (2011),2011,"https://m.media-amazon.com/images/M/MV5BMjUxMzE4ZDctODNjMS00MzIwLThjNDktODkwYjc5YWU0MDc0XkEyXkFqcGdeQXVyNjc3OTE4Nzk@._V1_UX128_CR0,3,128,176_AL_.jpg","Mamoru Miyano, Asami Imai",8.7,56303
tt3398228,72,BoJack Horseman,BoJack Horseman (2014),2014,"https://m.media-amazon.com/images/M/MV5BYWQwMDNkM2MtODU4OS00OTY3LTgwOTItNjE2Yzc0MzRkMDllXkEyXkFqcGdeQXVyMTkxNjUyNQ@@._V1_UX128_CR0,3,128,176_AL_.jpg","Will Arnett, Amy Sedaris",8.7,139282
tt5753856,73,Dark,Dark (2017),2017,"https://m.media-amazon.com/images/M/MV5BOTk2NzUyOTctZDdlMS00MDJlLTgzNTEtNzQzYjFhNjA0YjBjXkEyXkFqcGdeQXVyMjg1NDcxNDE@._V1_UX128_CR0,3,128,176_AL_.jpg","Louis Hofmann, Karoline Eichhorn",8.7,346447
tt0264235,74,Curb Your Enthusiasm,Curb Your Enthusiasm (2000),2000,"https://m.media-amazon.com/images/M/MV5BMzE3ZDA4OWItOGY2ZC00MzVmLTk0Y2QtNzEzMjc5YWI5ZWFiXkEyXkFqcGdeQXVyMTEyMjM2NDc2._V1_UX128_CR0,3,128,176_AL_.jpg","Larry David, Cheryl Hines",8.7,121756
tt0121220,75,Dragon Ball Z,Dragon Ball Z (1989),1989,"https://m.media-amazon.com/images/M/MV5BMGMyOThiMGUtYmFmZi00YWM0LWJiM2QtZGMwM2Q2ODE4MzhhXkEyXkFqcGdeQXVyMjc2Nzg5OTQ@._V1_UX128_CR0,3,128,176_AL_.jpg","Jôji Yanami, Kyle Hebert",8.7,76289
tt10233448,76,Vinland Saga,Vinland Saga (2019),2019,"https://m.media-amazon.com/images/M/MV5BMWE4OWE0NmMtYjlmOC00NGE1LWJiNDItNDgxNzVjYzViMGQ3XkEyXkFqcGdeQXVyNTgyNTA4MjM@._V1_UX128_CR0,3,128,176_AL_.jpg","Ryan Bartley, Kellen Goff",8.7,28351
tt4508902,77,One Punch Man,One Punch Man (2015),2015,"https://m.media-amazon.com/images/M/MV5BMTNmZDE2NDEtNTg3MS00OTE1LThlZGUtOGZkZTg0NTUyNGVmXkEyXkFqcGdeQXVyNTgyNTA4MjM@._V1_UX128_CR0,3,128,176_AL_.jpg","Makoto Furukawa, Kaito Ishikawa",8.7,144203
tt0384766,78,Rome,Rome (2005),2005,"https://m.media-amazon.com/images/M/MV5BYTM4MmU1NWYtNzJjYy00YWFhLThjOGEtZmMxOGI1NzE0NGNiXkEyXkFqcGdeQXVyNDIzMzcwNjc@._V1_UX128_CR0,3,128,176_AL_.jpg","Kevin McKidd, Ray Stevenson",8.7,165519
tt0214341,79,Dragon Ball Z,Dragon Ball Z (1989),1989,"https://m.media-amazon.com/images/M/MV5BNGM5MTEyZDItZWNhOS00NzNkLTgwZTAtNWIzY2IzZmExOWMxXkEyXkFqcGdeQXVyNTA4NzY1MzY@._V1_UX128_CR0,1,128,176_AL_.jpg","Doc Harris, Christopher Sabat",8.7,123876
tt0074006,80,"I, Claudius","I, Claudius (1976)",1976,"https://m.media-amazon.com/images/M/MV5BZWM1MDY1MjYtYTAzZC00MDJiLTk4MjAtOGQzNDI4YWU1MWQ0XkEyXkFqcGdeQXVyNTA4NzY1MzY@._V1_UX128_CR0,3,128,176_AL_.jpg","Derek Jacobi, John Hurt",8.7,16989
tt5687612,81,Fleabag,Fleabag (2016),2016,"https://m.media-amazon.com/images/M/MV5BMjA4MzU5NzQxNV5BMl5BanBnXkFtZTgwOTg3MDA5NzM@._V1_UX128_CR0,3,128,176_AL_.jpg","Phoebe Waller-Bridge, Sian Clifford",8.7,134548
tt0118421,82,Oz,Oz (1997),1997,"https://m.media-amazon.com/images/M/MV5BYjY3N2M2YjgtZTFjZS00ODA1LWJjMDgtNDgxZDllZWFiMmYyXkEyXkFqcGdeQXVyNDIzMzcwNjc@._V1_UX128_CR0,3,128,176_AL_.jpg","Ernie Hudson, J.K. Simmons",8.7,96075
tt6741278,83,Invincible,Invincible (2021),2021,"https://m.media-amazon.com/images/M/MV5BMmE1ODVhMGYtODYyYS00Mjc4LWIzN2EtYWZkZDg1MTUyNDkxXkEyXkFqcGdeQXVyMTkxNjUyNQ@@._V1_UX128_CR0,3,128,176_AL_.jpg","Steven Yeun, J.K. Simmons",8.7,108427
tt1831164,84,Leyla and Mecnun,Leyla and Mecnun (2011),2011,"https://m.media-amazon.com/images/M/MV5BZGZlN2QzYTQtNmZkMy00YjdiLWIwOGUtMzlhZTJlMmIyNmJhXkEyXkFqcGdeQXVyOTQ2MjQ3MTI@._V1_UY176_CR6,0,128,176_AL_.jpg","Ali Atay, Serkan Keskin",8.7,92706
tt0367279,85,Arrested Development,Arrested Development (2003),2003,"https://m.media-amazon.com/images/M/MV5BNTFlYTE2YTItZmQ1NS00ZWQ5LWI3OGUtYTQzNDMyZmEyYTZjXkEyXkFqcGdeQXVyNDg4NjY5OTQ@._V1_UX128_CR0,3,128,176_AL_.jpg","Jason Bateman, Michael Cera",8.7,294628
tt0248654,86,Six Feet Under,Six Feet Under (2001),2001,"https://m.media-amazon.com/images/M/MV5BN2FmMjg0Y2YtYmMyYi00MTBjLTllYzMtN2VjYzRhOTVmNWRlXkEyXkFqcGdeQXVyNDIzMzcwNjc@._V1_UX128_CR0,1,128,176_AL_.jpg","Peter Krause, Michael C. Hall",8.6,130672
tt0121955,87,South Park,South Park (1997),1997,"https://m.media-amazon.com/images/M/MV5BOGE2YWUzMDItNTg2Ny00NTUzLTlmZGYtNWMyNzVjMjQ3MThkXkEyXkFqcGdeQXVyNTA4NzY1MzY@._V1_UX128_CR0,3,128,176_AL_.jpg","Trey Parker, Matt Stone",8.6,355024
tt0086661,88,The Adventures of Sherlock Holmes,The Adventures of Sherlock Holmes (1984),1984,"https://m.media-amazon.com/images/M/MV5BOTU0ODg2ODMtZDQ0OS00N2MzLWIwYWUtZDQ2N2E2ZTZiNzI1XkEyXkFqcGdeQXVyNjc3MjQzNTI@._V1_UX128_CR0,1,128,176_AL_.jpg","Jeremy Brett, David Burke",8.6,21620
tt4574334,89,Stranger Things,Stranger Things (2016),2016,"https://m.media-amazon.com/images/M/MV5BN2ZmYjg1YmItNWQ4OC00YWM0LWE0ZDktYThjOTZiZjhhN2Q2XkEyXkFqcGdeQXVyNjgxNTQ3Mjk@._V1_UX128_CR0,3,128,176_AL_.jpg","Millie Bobby Brown, Finn Wolfhard",8.6,966625
tt5788792,90,The Marvelous Mrs. Maisel,The Marvelous Mrs. Maisel (2017),2017,"https://m.media-amazon.com/images/M/MV5BMzk2ZmFhNjMtOWM2YS00MGU4LTk3ODMtY2Q2MjU2ODA0MDg4XkEyXkFqcGdeQXVyODk4OTc3MTY@._V1_UX128_CR0,3,128,176_AL_.jpg","Rachel Brosnahan, Alex Borstein",8.6,100509
tt1190634,91,The Boys,The Boys (2019),2019,"https://m.media-amazon.com/images/M/MV5BNGEyOGJiNWEtMTgwMi00ODU4LTlkMjItZWI4NjFmMzgxZGY2XkEyXkFqcGdeQXVyNjcyNjcyMzQ@._V1_UX128_CR0,3,128,176_AL_.jpg","Karl Urban, Jack Quaid",8.6,347708
tt6025022,92,Justice League Unlimited,Justice League Unlimited (2004),2004,"https://m.media-amazon.com/images/M/MV5BMTI3MjI1NTAtYjI2ZS00OTVlLTk0OTQtNTc5M2U3NmNmYjMzXkEyXkFqcGdeQXVyOTgwMzk1MTA@._V1_UX128_CR0,3,128,176_AL_.jpg","George Newbern, Kevin Conroy",8.6,14484
tt0459159,93,The Thick of It,The Thick of It (2005),2005,"https://m.media-amazon.com/images/M/MV5BZjc0ZDA5OTItYzhjNi00ZTJjLTg4OTYtZjk3NzBhODRlMTViXkEyXkFqcGdeQXVyMjc5OTMxMzQ@._V1_UX128_CR0,1,128,176_AL_.jpg","Chris Addison, James Smith",8.6,22671
tt0407362,94,Battlestar Galactica,Battlestar Galactica (2004),2004,"https://m.media-amazon.com/images/M/MV5BZjBjMjk4YWQtZjY1MC00NTI5LWEwZDMtYWMyYjk2MjkzMThhXkEyXkFqcGdeQXVyNzA5NjUyNjM@._V1_UX128_CR0,3,128,176_AL_.jpg","Edward James Olmos, Mary McDonnell",8.6,161646
tt1856010,95,House of Cards,House of Cards (2013),2013,"https://m.media-amazon.com/images/M/MV5BODM1MDU2NjY5NF5BMl5BanBnXkFtZTgwMDkxNTcwNjM@._V1_UX128_CR0,3,128,176_AL_.jpg","Kevin Spacey, Michel Gill",8.6,490710
tt0318871,96,Berserk,Berserk (1997),1997,"https://m.media-amazon.com/images/M/MV5BYWE1YTU4NmYtMTY2Ni00NDIxLTgwMzYtNWJjYWE4MDE5OTE1XkEyXkFqcGdeQXVyNjc2NjA5MTU@._V1_UX128_CR0,1,128,176_AL_.jpg","Marc Diraison, Nobutoshi Canna",8.6,35119
tt0412142,97,House,House (2004),2004,"https://m.media-amazon.com/images/M/MV5BMDA4NjQzN2ItZDhhNC00ZjVlLWFjNTgtMTEyNDQyOGNjMDE1XkEyXkFqcGdeQXVyNTA4NzY1MzY@._V1_UX128_CR0,3,128,176_AL_.jpg","Hugh Laurie, Omar Epps",8.6,443738
tt0286486,98,The Shield,The Shield (2002),2002,"https://m.media-amazon.com/images/M/MV5BMTcwNzQwODI5NV5BMl5BanBnXkFtZTcwNzQxMjI5MQ@@._V1_UX128_CR0,3,128,176_AL_.jpg","Michael Chiklis, Michael Jace",8.6,78255
tt0388629,99,One Piece,One Piece (1999),1999,"https://m.media-amazon.com/images/M/MV5BODcwNWE3OTMtMDc3MS00NDFjLWE1OTAtNDU3NjgxODMxY2UyXkEyXkFqcGdeQXVyNTAyODkwOQ@@._V1_UX128_CR0,3,128,176_AL_.jpg","Mayumi Tanaka, Tony Beck",8.6,104339
tt0096697,100,The Simpsons,The Simpsons (1989),1989,"https://m.media-amazon.com/images/M/MV5BYjFkMTlkYWUtZWFhNy00M2FmLThiOTYtYTRiYjVlZWYxNmJkXkEyXkFqcGdeQXVyNTAyODkwOQ@@._V1_UX128_CR0,3,128,176_AL_.jpg","Dan Castellaneta, Nancy Cartwright",8.6,390826
tt14392248,101,Aspirants,Aspirants (2021),2021,"https://m.media-amazon.com/images/M/MV5BNWRkMjA0NjItMmViYS00MDQyLTgyMWYtOWFmOTA4NmU5MjRjXkEyXkFqcGdeQXVyNDY4NjAxNTc@._V1_UX128_CR0,1,128,176_AL_.jpg","Naveen Kasturia, Shivankit Singh Parihar",8.6,291549
tt4786824,102,The Crown,The Crown (2016),2016,"https://m.media-amazon.com/images/M/MV5BZmY0MzBlNjctNTRmNy00Njk3LWFjMzctMWQwZDAwMGJmY2MyXkEyXkFqcGdeQXVyMDM2NDM2MQ@@._V1_UX128_CR0,3,128,176_AL_.jpg","Claire Foy, Olivia Colman",8.6,187317
tt0090509,103,The Return of Sherlock Holmes,The Return of Sherlock Holmes (1986),1986,"https://m.media-amazon.com/images/M/MV5BMjM1OTc0MjMtZjFmOS00ZmQ0LTk1ZWItM2U1YTc5ODZjZjI3XkEyXkFqcGdeQXVyNTA4NzY1MzY@._V1_UX128_CR0,3,128,176_AL_.jpg","Jeremy Brett, Edward Hardwicke",8.6,11824
tt2303687,104,Line of Duty,Line of Duty (2012),2012,"https://m.media-amazon.com/images/M/MV5BMTExZDZjNTMtNDVmNy00ZTk2LWFiMzUtZDlkZGRlOGU0ZWRmXkEyXkFqcGdeQXVyMjExMjk0ODk@._V1_UX128_CR0,1,128,176_AL_.jpg","Martin Compston, Vicky McClure",8.6,54129
tt0158417,105,Mahabharat,Mahabharat (1988),1988,"https://m.media-amazon.com/images/M/MV5BZDZkZGUxNmEtOWM0MC00ODJkLWEyYzgtNDJjMzJkZWQ4MjdkXkEyXkFqcGdeQXVyODAzNzAwOTU@._V1_UY176_CR0,0,128,176_AL_.jpg","Harish Bhimani, Nitish Bharadwaj",8.6,16623
tt1606375,106,Downton Abbey,Downton Abbey (2010),2010,"https://m.media-amazon.com/images/M/MV5BY2U1NmIwYzgtNjFkOS00YWUxLTg0YTMtZmE5NTA3YjRmY2NlXkEyXkFqcGdeQXVyNTA4NzY1MzY@._V1_UX128_CR0,1,128,176_AL_.jpg","Hugh Bonneville, Phyllis Logan",8.6,193046
tt5712554,107,The Grand Tour,The Grand Tour (2016),2016,"https://m.media-amazon.com/images/M/MV5BYjkyOWIyZGYtYzU3ZS00NWM2LThjZGEtMDZjZjg2MTI2NzBhXkEyXkFqcGdeQXVyNjI4OTg2Njg@._V1_UX128_CR0,3,128,176_AL_.jpg","Jeremy Clarkson, James May",8.6,71151
tt4299972,108,The Jinx: The Life and Deaths of Robert Durst,The Jinx: The Life and Deaths of Robert Durst (2015),2015,"https://m.media-amazon.com/images/M/MV5BMjI0OTc3MzY5Ml5BMl5BanBnXkFtZTgwNjk3MDUyNDE@._V1_UX128_CR0,3,128,176_AL_.jpg","Andrew Jarecki, Robert Durst",8.6,44213
tt0268093,109,Ramayan,Ramayan (1987),1987,"https://m.media-amazon.com/images/M/MV5BODFjYWEyOTktMTU3OC00YTBhLWE4ZmEtNTJiYWUzYTYwMjIzXkEyXkFqcGdeQXVyNjU1NDgwMDg@._V1_UX128_CR0,1,128,176_AL_.jpg","Arun Govil, Deepika Chikhalia",8.6,18778
tt0092455,110,Star Trek: The Next Generation,Star Trek: The Next Generation (1987),1987,"https://m.media-amazon.com/images/M/MV5BOWFhYjE4NzMtOWJmZi00NzEyLTg5NTctYmIxMTU1ZDIxMDAyXkEyXkFqcGdeQXVyNTE1NjY5Mg@@._V1_UX128_CR0,1,128,176_AL_.jpg","Patrick Stewart, Brent Spiner",8.6,114153
tt9140342,111,It's a Sin,It's a Sin (2021),2021,"https://m.media-amazon.com/images/M/MV5BZWIyNGI1N2YtNzRlZS00NTFjLTk5MzMtZjQ5MTUwMTljZDZkXkEyXkFqcGdeQXVyMjQwMDg0Ng@@._V1_UX128_CR0,3,128,176_AL_.jpg","Olly Alexander, Nathaniel Curtis",8.6,27900
tt0348914,112,Deadwood,Deadwood (2004),2004,"https://m.media-amazon.com/images/M/MV5BNDJhMjUzMDYtNzc4MS00Nzk2LTkyMGQtN2M5NTczYTZmYmY5XkEyXkFqcGdeQXVyMzU3MTc5OTE@._V1_UX128_CR0,3,128,176_AL_.jpg","Timothy Olyphant, Ian McShane",8.6,102994
tt4288182,113,Atlanta,Atlanta (2016),2016,"https://m.media-amazon.com/images/M/MV5BOTNiYmVjNjktZDhhNy00NGQ0LTg0YzYtYWVlMTVjMTQyMDU5XkEyXkFqcGdeQXVyMzY0MTE3NzU@._V1_UX128_CR0,3,128,176_AL_.jpg","Donald Glover, Brian Tyree Henry",8.6,62060
tt1628033,114,Top Gear,Top Gear (2002),2002,"https://m.media-amazon.com/images/M/MV5BYzkwZDgwZmQtOWE4Yy00ZjgyLTgxZTYtZTRiMTg5MWY4NTFiXkEyXkFqcGdeQXVyNTA4NzY1MzY@._V1_UX128_CR0,1,128,176_AL_.jpg","Jeremy Clarkson, Richard Hammond",8.6,114899
tt1641384,115,Young Justice,Young Justice (2010),2010,"https://m.media-amazon.com/images/M/MV5BMTAwYzE4NzItY2Q3Zi00NjRmLWE5ZTAtMDM5OWIyMmQ3MTFlXkEyXkFqcGdeQXVyMTkxNjUyNQ@@._V1_UX128_CR0,3,128,176_AL_.jpg","Nolan North, Danica McKellar",8.6,38237
tt0096639,116,Lonesome Dove,Lonesome Dove (1989),1989,"https://m.media-amazon.com/images/M/MV5BMmJmYTg0MDEtN2VjMC00YmUxLWFhNmMtZTBiYjQ2ZGQ5ZWMyXkEyXkFqcGdeQXVyNTE1NjY5Mg@@._V1_UX128_CR0,3,128,176_AL_.jpg","Robert Duvall, Tommy Lee Jones",8.6,22359
tt3398540,117,Haikyuu!!,Haikyuu!! (2014),2014,"https://m.media-amazon.com/images/M/MV5BNzQ1MmJjZDUtMmI5OC00ZDk2LThkODQtODgwYmU0MTIzNDhmXkEyXkFqcGdeQXVyNDgyODgxNjE@._V1_UX128_CR0,3,128,176_AL_.jpg","Ayumu Murase, Kaito Ishikawa",8.6,20646
tt9335498,118,Demon Slayer: Kimetsu no Yaiba,Demon Slayer: Kimetsu no Yaiba (2019),2019,"https://m.media-amazon.com/images/M/MV5BZjZjNzI5MDctY2Y4YS00NmM4LTljMmItZTFkOTExNGI3ODRhXkEyXkFqcGdeQXVyNjc3MjQzNTI@._V1_UX128_CR0,1,128,176_AL_.jpg","Natsuki Hanae, Yoshitsugu Matsuoka",8.6,80885
tt0994314,119,Code Geass,Code Geass (2006),2006,"https://m.media-amazon.com/images/M/MV5BYmEyM2VlZWItNWY4Ni00YmY2LWE3YTAtYjljMmU1MWEyYmZiXkEyXkFqcGdeQXVyNTA4NzY1MzY@._V1_UY176_CR0,0,128,176_AL_.jpg","Jun Fukuyama, Takahiro Sakurai",8.6,62510
tt0804503,120,Mad Men,Mad Men (2007),2007,"https://m.media-amazon.com/images/M/MV5BNTgxNDZlODQtNDcwOC00NWQ5LTljNWMtMDhjY2U5YTUzMTc4XkEyXkFqcGdeQXVyMDA4NzMyOA@@._V1_UX128_CR0,3,128,176_AL_.jpg","Jon Hamm, Elisabeth Moss",8.6,228173
tt1733785,121,The Bridge,The Bridge (2011),2011,"https://m.media-amazon.com/images/M/MV5BMjQ3MDAzNDU4NV5BMl5BanBnXkFtZTgwNjE2NDQ0NzE@._V1_UX128_CR0,1,128,176_AL_.jpg","Sofia Helin, Rafael Pettersson",8.6,66077
tt9174558,122,Dopesick,Dopesick (2021),2021,"https://m.media-amazon.com/images/M/MV5BZTc5NmU1YWUtMzgxNC00YmVmLTk1MDYtNjlkNjQwZGVjMTIzXkEyXkFqcGdeQXVyMDM2NDM2MQ@@._V1_UX128_CR0,3,128,176_AL_.jpg","Michael Keaton, Peter Sarsgaard",8.6,39571
tt1518542,123,Sarabhai V/S Sarabhai,Sarabhai V/S Sarabhai (2004),2004,"https://m.media-amazon.com/images/M/MV5BNjYxNzBhMmQtZjM4Yy00MGZiLWFmNDAtYmVkZGM0MWNlMTU3XkEyXkFqcGdeQXVyNTA4NzY1MzY@._V1_UX128_CR0,3,128,176_AL_.jpg","Satish Shah, Ratna Pathak Shah",8.6,16407
tt8289930,124,Formula 1: Drive to Survive,Formula 1: Drive to Survive (2019),2019,"https://m.media-amazon.com/images/M/MV5BMzVkMGU0YWMtOWQxMC00MjFhLTg1NjAtMDFlZTZlYzJlMjlhXkEyXkFqcGdeQXVyMTMxODk2OTU@._V1_UX128_CR0,1,128,176_AL_.jpg","Lewis Hamilton, Daniel Ricciardo",8.6,32699
tt0434706,125,Monster,Monster (2004),2004,"https://m.media-amazon.com/images/M/MV5BM2ZkYTAwMGMtOGEwOS00MzBjLTgxOGYtZTYwY2E1ZjMyZmY4XkEyXkFqcGdeQXVyNTgyNTA4MjM@._V1_UX128_CR0,3,128,176_AL_.jpg","Hidenobu Kiuchi, Liam O'Brien",8.6,26560
tt4236770,126,Yellowstone,Yellowstone (2018),2018,"https://m.media-amazon.com/images/M/MV5BZjhkNWM1NTQtODI4NS00NzllLTg1ODAtYjg3N2QxZjc3ZjRiXkEyXkFqcGdeQXVyNDIzMzcwNjc@._V1_UY176_CR0,0,128,176_AL_.jpg","Kevin Costner, Luke Grimes",8.6,100579
tt0088484,127,Blackadder II,Blackadder II (1986),1986,"https://m.media-amazon.com/images/M/MV5BMTI4NDc1NDg0N15BMl5BanBnXkFtZTYwNjk0MTc5._V1_UX128_CR0,1,128,176_AL_.jpg","Rowan Atkinson, Tony Robinson",8.6,45561
tt0387764,128,Peep Show,Peep Show (2003),2003,"https://m.media-amazon.com/images/M/MV5BZjYwMWJhOWMtZTc5ZC00MGY0LTg0ZjktMzFhODhhZGZhNDRjXkEyXkFqcGdeQXVyNTA4NzY1MzY@._V1_UX128_CR0,3,128,176_AL_.jpg","David Mitchell, Robert Webb",8.6,57975
tt0106179,129,The X-Files,The X-Files (1993),1993,"https://m.media-amazon.com/images/M/MV5BZDA0MmM4YzUtMzYwZC00OGI2LWE0ODctNzNhNTkwN2FmNTVhXkEyXkFqcGdeQXVyNTA4NzY1MzY@._V1_UX128_CR0,3,128,176_AL_.jpg","David Duchovny, Gillian Anderson",8.6,215157
tt1266020,130,Parks and Recreation,Parks and Recreation (2009),2009,"https://m.media-amazon.com/images/M/MV5BMjA5MjUxNDgwNF5BMl5BanBnXkFtZTgwMDI5NjMwNDE@._V1_UY176_CR0,0,128,176_AL_.jpg","Amy Poehler, Jim O'Heir",8.6,243285
tt2049116,131,Gomorrah,Gomorrah (2014),2014,"https://m.media-amazon.com/images/M/MV5BMTgzNmNjZGQtMjM3ZC00Y2Y2LTlkZGItM2EwNTM2MmUyMDExXkEyXkFqcGdeQXVyMTMxNjUyMDkx._V1_UX128_CR0,3,128,176_AL_.jpg","Salvatore Esposito, Marco D'Amore",8.6,37473
tt0758745,132,Friday Night Lights,Friday Night Lights (2006),2006,"https://m.media-amazon.com/images/M/MV5BYTkxZDVhZGItZjM3Yi00YTU1LTk2ZDYtYTI4NTg2Mjc0NWY1XkEyXkFqcGdeQXVyNTA4NzY1MzY@._V1_UY176_CR0,0,128,176_AL_.jpg","Kyle Chandler, Connie Britton",8.6,63452
tt5290382,133,Mindhunter,Mindhunter (2017),2017,"https://m.media-amazon.com/images/M/MV5BNWNmYzQ1ZWUtYTQ3ZS00Y2UwLTlkMDctZThlOTJkMGJiNzBiXkEyXkFqcGdeQXVyNjg2NjQwMDQ@._V1_UX128_CR0,3,128,176_AL_.jpg","Jonathan Groff, Holt McCallany",8.6,261969
tt0314979,134,Battlestar Galactica,Battlestar Galactica (2003),2003,"https://m.media-amazon.com/images/M/MV5BZjJlYzgzOWUtZmJlZi00ZGM4LTliNzctNWFkNThlMDJhZDQxXkEyXkFqcGdeQXVyNTA4NzY1MzY@._V1_UX128_CR0,3,128,176_AL_.jpg","Edward James Olmos, Mary McDonnell",8.6,73561
tt4063800,135,The Bureau,The Bureau (2015),2015,"https://m.media-amazon.com/images/M/MV5BOGRmMDEwOWUtNGI0Ny00YWY3LTkxNmEtZTkwN2FjMjU1YzgwXkEyXkFqcGdeQXVyNTk0MTE2NzU@._V1_UY176_CR0,0,128,176_AL_.jpg","Mathieu Kassovitz, Florence Loiret Caille",8.6,10677
tt5421602,136,Anne with an E,Anne with an E (2017),2017,"https://m.media-amazon.com/images/M/MV5BNThmMzJlNzgtYmY5ZC00MDllLThmZTMtNTRiMjQwNmY0NmRhXkEyXkFqcGdeQXVyMTkxNjUyNQ@@._V1_UY176_CR6,0,128,176_AL_.jpg","Amybeth McNulty, Geraldine James",8.6,49310
tt0111958,137,Father Ted,Father Ted (1995),1995,"https://m.media-amazon.com/images/M/MV5BYzI2YzQ5MWMtZGU0OC00ZDZkLWFiMGQtMWQzNmQ2Y2E3NDUyXkEyXkFqcGdeQXVyNDIzMzcwNjc@._V1_UY176_CR3,0,128,176_AL_.jpg","Dermot Morgan, Ardal O'Hanlon",8.6,39168
tt0773262,138,Dexter,Dexter (2006),2006,"https://m.media-amazon.com/images/M/MV5BZjkzMmU5MjMtODllZS00OTA5LTk2ZTEtNjdhYjZhMDA5ZTRhXkEyXkFqcGdeQXVyOTA3MTMyOTk@._V1_UY176_CR0,0,128,176_AL_.jpg","Michael C. Hall, Jennifer Carpenter",8.5,706687
tt0053488,139,The Bugs Bunny Show,The Bugs Bunny Show (1960),1960,"https://m.media-amazon.com/images/M/MV5BMzczMzM3M2EtY2E1MS00ZjA2LTg0ZjctOWNjZWMxN2NkYzFkXkEyXkFqcGdeQXVyMTA0MTM5NjI2._V1_UX128_CR0,3,128,176_AL_.jpg","Mel Blanc, June Foray",8.5,32934
tt6763664,140,The Haunting of Hill House,The Haunting of Hill House (2018),2018,"https://m.media-amazon.com/images/M/MV5BMTU4NzA4MDEwNF5BMl5BanBnXkFtZTgwMTQxODYzNjM@._V1_UX128_CR0,3,128,176_AL_.jpg","Michiel Huisman, Carla Gugino",8.5,222116
tt12343534,141,Jujutsu Kaisen,Jujutsu Kaisen (2020),2020,"https://m.media-amazon.com/images/M/MV5BNzQyYzU3Y2MtOWY2Yy00ZGM2LTg3ZTUtMDJkZTJiMmEzMjYxXkEyXkFqcGdeQXVyMTI2NTY3NDg5._V1_UY176_CR6,0,128,176_AL_.jpg","Junya Enoki, Adam McArthur",8.5,43627
tt0092324,142,Blackadder the Third,Blackadder the Third (1987),1987,"https://m.media-amazon.com/images/M/MV5BMGViZTgzNjEtZWQ3My00YjJkLTk2OGUtZDQ1ODg2ZGEyNzhhXkEyXkFqcGdeQXVyNTA4NzY1MzY@._V1_UX128_CR0,1,128,176_AL_.jpg","Rowan Atkinson, Tony Robinson",8.5,43257
tt10530900,143,Gullak,Gullak (2019),2019,"https://m.media-amazon.com/images/M/MV5BMmRjOTBjMGEtMGFmZi00MDc0LTgwNzMtNjMzZTUyM2M4ZTY1XkEyXkFqcGdeQXVyNDY4NjAxNTc@._V1_UX128_CR0,3,128,176_AL_.jpg","Jameel Khan, Geetanjali Kulkarni",8.5,11617
tt3322312,144,Daredevil,Daredevil (2015),2015,"https://m.media-amazon.com/images/M/MV5BODcwOTg2MDE3NF5BMl5BanBnXkFtZTgwNTUyNTY1NjM@._V1_UX128_CR0,3,128,176_AL_.jpg","Charlie Cox, Vincent D'Onofrio",8.5,410314
tt0475784,145,Westworld,Westworld (2016),2016,"https://m.media-amazon.com/images/M/MV5BMTRmYzNmOTctZjMwOS00ODZlLWJiZGQtNDg5NDY5NjE3MTczXkEyXkFqcGdeQXVyMDM2NDM2MQ@@._V1_UX128_CR0,3,128,176_AL_.jpg","Evan Rachel Wood, Jeffrey Wright",8.5,468182
tt12004706,146,Panchayat,Panchayat (2020),2020,"https://m.media-amazon.com/images/M/MV5BMTllYzQ0MzctZTI4Ny00YTE2LTkzYjktMTc4ZWE2MDUxNzk2XkEyXkFqcGdeQXVyNzEyNTM4MTU@._V1_UX128_CR0,3,128,176_AL_.jpg","Jitendra Kumar, Raghuvir Yadav",8.5,48862
tt5555260,147,This Is Us,This Is Us (2016),2016,"https://m.media-amazon.com/images/M/MV5BNzYxYWY3YzctZjRiNS00MTViLTk5OTYtZDEyNzAwNGE5ODY0XkEyXkFqcGdeQXVyODUxOTU0OTg@._V1_UX128_CR0,3,128,176_AL_.jpg","Sterling K. Brown, Justin Hartley",8.5,127431
tt1486217,148,Archer,Archer (2009),2009,"https://m.media-amazon.com/images/M/MV5BMTg3NTMwMzY2OF5BMl5BanBnXkFtZTgwMDcxMjQ0NDE@._V1_UX128_CR0,3,128,176_AL_.jpg","H. Jon Benjamin, Judy Greer",8.5,149178
tt10048342,149,The Queen's Gambit,The Queen's Gambit (2020),2020,"https://m.media-amazon.com/images/M/MV5BM2EwMmRhMmUtMzBmMS00ZDQ3LTg4OGEtNjlkODk3ZTMxMmJlXkEyXkFqcGdeQXVyMjM5ODk1NDU@._V1_UX128_CR0,3,128,176_AL_.jpg","Anya Taylor-Joy, Chloe Pirrie",8.5,392858
tt10850932,150,Crash Landing on You,Crash Landing on You (2019),2019,"https://m.media-amazon.com/images/M/MV5BMzRiZWUyN2YtNDI4YS00NTg2LTg0OTgtMGI2ZjU4ODQ4Yjk3XkEyXkFqcGdeQXVyNTI5NjIyMw@@._V1_UX128_CR0,1,128,176_AL_.jpg","Hyun Bin, Son Ye-jin",8.5,23114
tt1870479,151,The Newsroom,The Newsroom (2012),2012,"https://m.media-amazon.com/images/M/MV5BZDI0OWIwMTgtZGIyOC00ODRhLWIwNjAtOWViZmMwOWYwOGViXkEyXkFqcGdeQXVyNTE1NjY5Mg@@._V1_UX128_CR0,3,128,176_AL_.jpg","Jeff Daniels, Emily Mortimer",8.5,112095
tt0080306,152,Yes Minister,Yes Minister (1980),1980,"https://m.media-amazon.com/images/M/MV5BZjlkOGIyOWUtN2I2My00MzFjLTlhYTQtYmRkZjQ3Nzg1MWY4XkEyXkFqcGdeQXVyNTA4NzY1MzY@._V1_UX128_CR0,3,128,176_AL_.jpg","Paul Eddington, Nigel Hawthorne",8.5,14202
tt8595766,153,Yeh Meri Family,Yeh Meri Family (2018),2018,"https://m.media-amazon.com/images/M/MV5BZWMxMjBiZmUtMjM1Yi00ODk4LWE4MjctNmFlYzIzNmE4MmU4XkEyXkFqcGdeQXVyNzEyNTM4MTU@._V1_UX128_CR0,1,128,176_AL_.jpg","Vishesh Bansal, Mona Singh",8.5,22929
tt0094525,154,Poirot,Poirot (1989),1989,"https://m.media-amazon.com/images/M/MV5BODljYzNlZTMtMWIwNi00N2QzLWE2ZTAtZDBmYzIwYzhlZDY2XkEyXkFqcGdeQXVyMjExMjk0ODk@._V1_UX128_CR0,1,128,176_AL_.jpg","David Suchet, Hugh Fraser",8.5,43081
tt1795096,155,Behzat Ç.: Bir Ankara Polisiyesi,Behzat Ç.: Bir Ankara Polisiyesi (2010),2010,"https://m.media-amazon.com/images/M/MV5BZDZjY2I5ZjEtZGE2MS00ZjRmLTlmMGEtMDQ5ZmZhZWJjYzk3XkEyXkFqcGdeQXVyNDg4MjkzNDk@._V1_UX128_CR0,1,128,176_AL_.jpg","Erdal Besikçioglu, Inanç Konukçu",8.5,29150
tt0203082,156,Rurouni Kenshin: Trust and Betrayal,Rurouni Kenshin: Trust and Betrayal (1999),1999,"https://m.media-amazon.com/images/M/MV5BM2FiOWE5MjctNWMxMC00ZTE5LWFmMGMtNzVlZjRhZDMzNTFmXkEyXkFqcGdeQXVyNTAyODkwOQ@@._V1_UX128_CR0,1,128,176_AL_.jpg","Mayo Suzukaze, Junko Iwao",8.5,14401
tt0380136,157,QI,QI (2003),2003,"https://m.media-amazon.com/images/M/MV5BMjgyYWUxNGMtMGMwZi00OWIyLTkwN2ItOWYyYWUxYzcyNzUwXkEyXkFqcGdeQXVyNjg0NTcxMTg@._V1_UX128_CR0,3,128,176_AL_.jpg","Alan Davies, Stephen Fry",8.5,31156
tt9544034,158,The Family Man,The Family Man (2019),2019,"https://m.media-amazon.com/images/M/MV5BMzRjZWVmMzItNTdmYS00OWEzLTgyOGUtNThiNTU2ZThlYjY0XkEyXkFqcGdeQXVyMTIxMDk2NDE4._V1_UY176_CR6,0,128,176_AL_.jpg","Manoj Bajpayee, Samantha Ruth Prabhu",8.5,80592
tt1513168,159,Through the Wormhole,Through the Wormhole (2010),2010,"https://m.media-amazon.com/images/M/MV5BMDhkMTY2NGQtMWY4Mi00ZjhmLWIzNGYtZDJhODkwNTM5NTIzXkEyXkFqcGdeQXVyNDk3NDEzMzk@._V1_UX128_CR0,3,128,176_AL_.jpg","Morgan Freeman, Sean Carroll",8.5,17550
tt1489428,160,Justified,Justified (2010),2010,"https://m.media-amazon.com/images/M/MV5BMTgzNjQ4NjM1NF5BMl5BanBnXkFtZTcwNzQ4OTEzNw@@._V1_UY176_CR0,0,128,176_AL_.jpg","Timothy Olyphant, Nick Searcy",8.5,95727
tt7908628,161,What We Do in the Shadows,What We Do in the Shadows (2019),2019,"https://m.media-amazon.com/images/M/MV5BYzZhZWVkNzYtZjZmOS00MTE1LWFkZTQtYzViYWU0MDU3MDIxXkEyXkFqcGdeQXVyMTkxNjUyNQ@@._V1_UY176_CR8,0,128,176_AL_.jpg","Kayvan Novak, Matt Berry",8.5,62142
tt0096657,162,Mr. Bean,Mr. Bean (1990),1990,"https://m.media-amazon.com/images/M/MV5BOGNjZTRlNDctNGI0Yi00YmFkLTljMmQtMjQ1ZjdiNmU5YTc0XkEyXkFqcGdeQXVyNTA4NzY1MzY@._V1_UX128_CR0,3,128,176_AL_.jpg","Rowan Atkinson, Robin Driscoll",8.5,113101
tt0988824,163,Naruto: Shippûden,Naruto: Shippûden (2007),2007,"https://m.media-amazon.com/images/M/MV5BMTE5NzIwMGUtYTE1MS00MDUxLTgyZjctOWVkZDAxM2M4ZWQ4XkEyXkFqcGdeQXVyNjc2NjA5MTU@._V1_UX128_CR0,3,128,176_AL_.jpg","Junko Takeuchi, Maile Flanagan",8.5,111451
tt0417349,164,North & South,North & South (2004),2004,"https://m.media-amazon.com/images/M/MV5BYjU4NGI4MjQtOTJlZC00Y2UxLWFiMDAtODJhZDFmYmVjMTY3XkEyXkFqcGdeQXVyNTE1NjY5Mg@@._V1_UX128_CR0,1,128,176_AL_.jpg","Daniela Denby-Ashe, Richard Armitage",8.5,31802
tt5189670,165,Making a Murderer,Making a Murderer (2015),2015,"https://m.media-amazon.com/images/M/MV5BMTg4Mjc1NjE4Ml5BMl5BanBnXkFtZTgwMjk2NjA1NjM@._V1_UX128_CR0,3,128,176_AL_.jpg","Steven Avery, Dolores Avery",8.5,92523
tt0275137,166,Justice League,Justice League (2001),2001,"https://m.media-amazon.com/images/M/MV5BMDE2ODk0ZTctMGI4Ni00ODgwLTk4OTAtOGNiNjZkMzI3NTY0XkEyXkFqcGdeQXVyOTgwMzk1MTA@._V1_UX128_CR0,3,128,176_AL_.jpg","Carl Lumbly, Phil LaMarr",8.5,44862
tt0187664,167,Spaced,Spaced (1999),1999,"https://m.media-amazon.com/images/M/MV5BMmNjODUxNzctOWU2Zi00ZGU3LWI2MDEtMjZjNjE2MmJiMDZiXkEyXkFqcGdeQXVyNTA4NzY1MzY@._V1_UX128_CR0,1,128,176_AL_.jpg","Simon Pegg, Jessica Hynes",8.5,53565
tt0112159,168,Neon Genesis Evangelion,Neon Genesis Evangelion (1995),1995,"https://m.media-amazon.com/images/M/MV5BYjY1Y2ZmNDctZWQ3Yy00MTE3LTk2M2QtMjQ0MDA5ODVjMDEyXkEyXkFqcGdeQXVyNTA4NzY1MzY@._V1_UX128_CR0,3,128,176_AL_.jpg","Megumi Ogata, Megumi Hayashibara",8.5,62825
tt0423731,169,Samurai Champloo,Samurai Champloo (2004),2004,"https://m.media-amazon.com/images/M/MV5BOWNhMDMyMDYtNzJlOS00YzhhLWFiMjktYWY1MzMzZGZhOGRjXkEyXkFqcGdeQXVyNDYzNTI2ODc@._V1_UX128_CR0,3,128,176_AL_.jpg","Kazuya Nakai, Ginpei Sato",8.5,46021
tt5897304,170,Mob Psycho 100,Mob Psycho 100 (2016),2016,"https://m.media-amazon.com/images/M/MV5BZmE1NjIyNjYtMTVmMy00M2YyLTljMjMtZGQwYmUxOTU4NjRlXkEyXkFqcGdeQXVyNjc3OTE4Nzk@._V1_UX128_CR0,3,128,176_AL_.jpg","Setsuo Ito, Takahiro Sakurai",8.5,25331
tt0979432,171,Boardwalk Empire,Boardwalk Empire (2010),2010,"https://m.media-amazon.com/images/M/MV5BYTYxNzc5ZmYtODcyNi00ZWUwLWExNWUtY2Y0YTlhZDBlMGU1XkEyXkFqcGdeQXVyNzQ1ODk3MTQ@._V1_UX128_CR0,3,128,176_AL_.jpg","Steve Buscemi, Kelly Macdonald",8.5,183379
tt0120570,172,From the Earth to the Moon,From the Earth to the Moon (1998),1998,"https://m.media-amazon.com/images/M/MV5BOWIzMjU1OTQtY2QwNC00YTUwLTg2NmUtYzg2ZDQ3YTkzNzA4XkEyXkFqcGdeQXVyNTE1NjY5Mg@@._V1_UX128_CR0,3,128,176_AL_.jpg","Tom Hanks, Nick Searcy",8.5,11991
tt0403778,173,Long Way Round,Long Way Round (2004),2004,"https://m.media-amazon.com/images/M/MV5BYTAxNWFmMTktMDVjNC00YWFkLTg2NDQtNjQwODZlYmQ2YTA2XkEyXkFqcGdeQXVyNTAyODkwOQ@@._V1_UX128_CR0,3,128,176_AL_.jpg","Ewan McGregor, Charley Boorman",8.5,13755
tt2244495,174,The Eric Andre Show,The Eric Andre Show (2012),2012,"https://m.media-amazon.com/images/M/MV5BZWI4YTVhYmMtZmZjNS00MmFjLTkyMDItNzcxYjVjZjZmODliXkEyXkFqcGdeQXVyMzM4NjcxOTc@._V1_UX128_CR0,3,128,176_AL_.jpg","Eric André, Hannibal Buress",8.5,16741
tt7562112,175,Pose,Pose (2018),2018,"https://m.media-amazon.com/images/M/MV5BMjQ2ZDMzNmMtZWZmZC00MTFjLWFiMTMtNzJjY2Q3ZjQ3MmI0XkEyXkFqcGdeQXVyMTEyMjM2NDc2._V1_UX128_CR0,3,128,176_AL_.jpg","Michaela Jaé (MJ) Rodriguez, Dominique Jackson",8.5,27398
tt4093826,176,Twin Peaks,Twin Peaks (2017),2017,"https://m.media-amazon.com/images/M/MV5BZWZiNWI0MzgtMDMyYS00NDY2LWI0Y2YtNTQ2ZWJhNzU2NTEyXkEyXkFqcGdeQXVyOTA3MTMyOTk@._V1_UX128_CR0,3,128,176_AL_.jpg","Kyle MacLachlan, Sheryl Lee",8.5,64406
tt1305826,177,Adventure Time,Adventure Time (2010),2010,"https://m.media-amazon.com/images/M/MV5BZGY2ZGFkYjctOWY2Ni00MGQ5LWE4OTItNjJhNzA5MWFmMjk1XkEyXkFqcGdeQXVyNTgyNTA4MjM@._V1_UX128_CR0,3,128,176_AL_.jpg","John DiMaggio, Jeremy Shada",8.5,87977
tt0088509,178,Dragon Ball,Dragon Ball (1986),1986,"https://m.media-amazon.com/images/M/MV5BMjRlYTYyMDUtOGY5MC00MmFiLTljOTMtM2QzOWZjMWViN2FiL2ltYWdlXkEyXkFqcGdeQXVyNTAyODkwOQ@@._V1_UY176_CR0,0,128,176_AL_.jpg","Masako Nozawa, Jôji Yanami",8.5,54286
tt0863046,179,Flight of the Conchords,Flight of the Conchords (2007),2007,"https://m.media-amazon.com/images/M/MV5BNTM4M2VhY2UtZTJmMi00YmFjLTk4OWItMzU2ZDA3NTUxZjYxXkEyXkFqcGdeQXVyNTA4NzY1MzY@._V1_UX128_CR0,1,128,176_AL_.jpg","Jemaine Clement, Bret McKenzie",8.5,58931
tt0280249,180,Dragon Ball,Dragon Ball (1995),1995,"https://m.media-amazon.com/images/M/MV5BNDYyNTJkNmItYjgxNC00ODliLTg2MGMtZjkxNjEwYzdjNjUxXkEyXkFqcGdeQXVyNTA4NzY1MzY@._V1_UY176_CR6,0,128,176_AL_.jpg","Brice Armstrong, Steve Olson",8.5,58043
tt0086831,181,"Yes, Prime Minister","Yes, Prime Minister (1986)",1986,"https://m.media-amazon.com/images/M/MV5BZDAyOTQ5YWUtNjNiZS00NmJiLTljNDItMzU2YWNjMjk4MTVjXkEyXkFqcGdeQXVyNTA4NzY1MzY@._V1_UX128_CR0,1,128,176_AL_.jpg","Paul Eddington, Nigel Hawthorne",8.5,11014
tt4158110,182,Mr. Robot,Mr. Robot (2015),2015,"https://m.media-amazon.com/images/M/MV5BMzgxMmQxZjQtNDdmMC00MjRlLTk1MDEtZDcwNTdmOTg0YzA2XkEyXkFqcGdeQXVyMzQ2MDI5NjU@._V1_UX128_CR0,3,128,176_AL_.jpg","Rami Malek, Christian Slater",8.5,368933
tt0487831,183,The IT Crowd,The IT Crowd (2006),2006,"https://m.media-amazon.com/images/M/MV5BMjE5MThjMzAtNWVmNC00YThkLTlmNzktMTM3Yzk4YTZhMTgwXkEyXkFqcGdeQXVyNTAyODkwOQ@@._V1_UX128_CR0,1,128,176_AL_.jpg","Chris O'Dowd, Richard Ayoade",8.5,145752
tt4647692,184,Letterkenny,Letterkenny (2016),2016,"https://m.media-amazon.com/images/M/MV5BMzRjOWYyNDUtYTJhMC00ZmZmLThlYmYtOWJkMzk4MGQ2NDFhXkEyXkFqcGdeQXVyMjQyMDc5MA@@._V1_UX128_CR0,3,128,176_AL_.jpg","Jared Keeso, Nathan Dales",8.5,20327
tt6108262,185,Black Sun,Black Sun (2017),2017,"https://m.media-amazon.com/images/M/MV5BYjAzMzc3OTMtZTAzNi00OWI0LWJmOGEtYjI3MWZmY2IzNDkxXkEyXkFqcGdeQXVyMTk0MjQ3Nzk@._V1_UX128_CR0,1,128,176_AL_.jpg","Andrija Kuzmanovic, Marija Bergam",8.5,11118
tt4082744,186,Detectorists,Detectorists (2014),2014,"https://m.media-amazon.com/images/M/MV5BZGUyOWJiYTUtN2E0Ni00MGUwLTk4ZjktYzc3ZmRkNzVlNTU0XkEyXkFqcGdeQXVyMTExNDQ2MTI@._V1_UX128_CR0,3,128,176_AL_.jpg","Mackenzie Crook, Toby Jones",8.5,13508
tt7221388,187,Cobra Kai,Cobra Kai (2018),2018,"https://m.media-amazon.com/images/M/MV5BY2NmNzEzN2QtMTBhOC00OGY1LThkMGMtZTIwMTE3MmUyNDc1XkEyXkFqcGdeQXVyMTkxNjUyNQ@@._V1_UY176_CR6,0,128,176_AL_.jpg","Ralph Macchio, William Zabka",8.5,160031
tt0094517,188,Mystery Science Theater 3000,Mystery Science Theater 3000 (1988),1988,"https://m.media-amazon.com/images/M/MV5BMTc4Nzc0Mzc5M15BMl5BanBnXkFtZTcwMDYzNTYyMQ@@._V1_UX128_CR0,1,128,176_AL_.jpg","Joel Hodgson, Michael J. Nelson",8.5,24177
tt0237123,189,Coupling,Coupling (2000),2000,"https://m.media-amazon.com/images/M/MV5BMTQzMDk1ODI2M15BMl5BanBnXkFtZTYwNjMyNDk4._V1_UX128_CR0,3,128,176_AL_.jpg","Jack Davenport, Gina Bellman",8.5,44820
tt0047708,190,Alfred Hitchcock Presents,Alfred Hitchcock Presents (1955),1955,"https://m.media-amazon.com/images/M/MV5BOWQ1OGI0ZTItOTNkYi00NWFhLWE3ZWYtODVmMjkzMmM1NDYwXkEyXkFqcGdeQXVyNTA4NzY1MzY@._V1_UX128_CR0,1,128,176_AL_.jpg","Alfred Hitchcock, Harry Tyler",8.5,16643
tt0118273,191,Brass Eye,Brass Eye (1997),1997,"https://m.media-amazon.com/images/M/MV5BOGRjYzI3OGEtZDFmNi00OWQxLWFjODgtZDUyNWMxYjI4MjA5XkEyXkFqcGdeQXVyNTA4NzY1MzY@._V1_UX128_CR0,3,128,176_AL_.jpg","Christopher Morris, Mark Heap",8.5,10482
tt2701582,192,Endeavour,Endeavour (2012),2012,"https://m.media-amazon.com/images/M/MV5BYjRkZTRkNDUtMTliMC00MjAzLTg4MDUtNjBmODYxMmFkZGU3XkEyXkFqcGdeQXVyMjExMjk0ODk@._V1_UX128_CR0,1,128,176_AL_.jpg","Shaun Evans, Roger Allam",8.5,23851
tt0106028,193,Homicide: Life on the Street,Homicide: Life on the Street (1993),1993,"https://m.media-amazon.com/images/M/MV5BYTVmZTRhNWItNmQ3Yi00MzNiLWJiZTctOWMyOWRlMDY4YWMyXkEyXkFqcGdeQXVyNjc3MjQzNTI@._V1_UX128_CR0,1,128,176_AL_.jpg","Richard Belzer, Clark Johnson",8.5,12480
tt0421357,194,Fullmetal Alchemist,Fullmetal Alchemist (2003),2003,"https://m.media-amazon.com/images/M/MV5BZDMwZjg5ODgtMjVhMS00ZmVkLWI2YTMtMmQzZDI3ZjMwMDIwXkEyXkFqcGdeQXVyMzgxODM4NjM@._V1_UX128_CR0,1,128,176_AL_.jpg","Vic Mignogna, Aaron Dismuke",8.5,68090
tt7472896,195,Mr Inbetween,Mr Inbetween (2018),2018,"https://m.media-amazon.com/images/M/MV5BNWU4MTA0ZTItZmUyYi00ZGY3LWE2NTYtMDQ3N2RkZjcwYjk4XkEyXkFqcGdeQXVyMTkxNjUyNQ@@._V1_UX128_CR0,3,128,176_AL_.jpg","Scott Ryan, Chika Yasumura",8.5,14591
tt5288312,196,Skam,Skam (2015),2015,"https://m.media-amazon.com/images/M/MV5BMzc5NmE5ZDItZGQxZC00ZTdhLThlYzktYjE0NWIyZDM3OGRlXkEyXkFqcGdeQXVyNTA4NzY1MzY@._V1_UX128_CR0,3,128,176_AL_.jpg","Josefine Frida Pettersen, Iman Meskini",8.5,32136
tt2575988,197,Silicon Valley,Silicon Valley (2014),2014,"https://m.media-amazon.com/images/M/MV5BM2Q5YjNjZWMtYThmYy00N2ZjLWE2NDctNmZjMmZjYWE2NjEwXkEyXkFqcGdeQXVyMTAzMDM4MjM0._V1_UX128_CR0,1,128,176_AL_.jpg","Thomas Middleditch, T.J. Miller",8.5,141487
tt0436992,198,Doctor Who,Doctor Who (2005),2005,"https://m.media-amazon.com/images/M/MV5BZWJhYjFmZDEtNTVlYy00NGExLWJhZWItNTAxODY5YTc3MDFmXkEyXkFqcGdeQXVyMTkxNjUyNQ@@._V1_UX128_CR0,1,128,176_AL_.jpg","Jodie Whittaker, Peter Capaldi",8.5,216010
tt1534360,199,Ezel,Ezel (2009),2009,"https://m.media-amazon.com/images/M/MV5BMjIzOTY1YTYtNmRhMC00MzAxLWEzMzUtM2ZiMmYwNTY0MjMyXkEyXkFqcGdeQXVyNDg4MjkzNDk@._V1_UX128_CR0,1,128,176_AL_.jpg","Kenan Imirzalioglu, Cansu Dere",8.5,31068
tt3230854,200,The Expanse,The Expanse (2015),2015,"https://m.media-amazon.com/images/M/MV5BZDVmMDljM2QtZDkzZC00ZDg2LWFiMGItZjNiNjliZjg2MGEzXkEyXkFqcGdeQXVyMjkwOTAyMDU@._V1_UX128_CR0,3,128,176_AL_.jpg","Steven Strait, Dominique Tipper",8.5,142859
tt2100976,201,Impractical Jokers,Impractical Jokers (2011),2011,"https://m.media-amazon.com/images/M/MV5BZjhlYTllNzgtOTQ5Ni00MTI1LWJmZjktOTc2NTZkYWVlYjllXkEyXkFqcGdeQXVyMDA4NzMyOA@@._V1_UX128_CR0,1,128,176_AL_.jpg","Brian Quinn, James Murray",8.5,37937
tt1492966,202,Louie,Louie (2010),2010,"https://m.media-amazon.com/images/M/MV5BMTg4NDE2NTEzM15BMl5BanBnXkFtZTgwMTc2MTExODE@._V1_UX128_CR0,3,128,176_AL_.jpg","Louis C.K., Hadley Delany",8.5,77573
tt0995832,203,Generation Kill,Generation Kill (2008),2008,"https://m.media-amazon.com/images/M/MV5BMTM2NjAxOTQzNl5BMl5BanBnXkFtZTcwMjk4NzU3MQ@@._V1_UY176_CR0,0,128,176_AL_.jpg","Alexander Skarsgård, James Ransone",8.5,51684
tt2243973,204,Hannibal,Hannibal (2013),2013,"https://m.media-amazon.com/images/M/MV5BNWU5YmJhNWEtZGVlOS00NmRhLThmNzUtYjAyMDA2MDg5ZTM4XkEyXkFqcGdeQXVyNDIzMzcwNjc@._V1_UX128_CR0,1,128,176_AL_.jpg","Hugh Dancy, Mads Mikkelsen",8.5,245208
tt1758429,205,Spartacus: Gods of the Arena,Spartacus: Gods of the Arena (2011),2011,"https://m.media-amazon.com/images/M/MV5BMTYyMjI4NzYxOF5BMl5BanBnXkFtZTcwNTUwMTc1NA@@._V1_UX128_CR0,3,128,176_AL_.jpg","John Hannah, Manu Bennett",8.5,134037
tt1586680,206,Shameless,Shameless (2011),2011,"https://m.media-amazon.com/images/M/MV5BZDgxNjQ2MjMtMjk2Yi00M2Q2LWI0ZDktOGM1NWI5YWUzMjk4XkEyXkFqcGdeQXVyOTA3MTMyOTk@._V1_UX128_CR0,3,128,176_AL_.jpg","Emmy Rossum, William H. Macy",8.5,226565
tt0278238,207,Samurai Jack,Samurai Jack (2001),2001,"https://m.media-amazon.com/images/M/MV5BZWQ2MDNiNTItYmM3ZS00MmI4LWFlMDQtOGVhYzlhZmZkNzI0L2ltYWdlXkEyXkFqcGdeQXVyNTAyODkwOQ@@._V1_UX128_CR0,3,128,176_AL_.jpg","Phil LaMarr, Mako",8.4,50843
tt0290978,208,The Office,The Office (2001),2001,"https://m.media-amazon.com/images/M/MV5BYWI2YmI2ZmMtMTZjMC00MzMzLWI5ODItNDY1OTg3YjNmZmUxXkEyXkFqcGdeQXVyNDA5NTgxNjU@._V1_UX128_CR0,1,128,176_AL_.jpg","Ricky Gervais, Martin Freeman",8.4,108217
tt4295140,209,Chef's Table,Chef's Table (2015),2015,"https://m.media-amazon.com/images/M/MV5BMjE3MDQ2OTYyN15BMl5BanBnXkFtZTgwNjQ0Nzg0NzM@._V1_UX128_CR0,3,128,176_AL_.jpg","Massimo Bottura, Francis Mallmann",8.4,14969
tt2401256,210,The Night Of,The Night Of (2016),2016,"https://m.media-amazon.com/images/M/MV5BMjQyOTgxMDI0Nl5BMl5BanBnXkFtZTgwOTE4MzczOTE@._V1_UX128_CR0,3,128,176_AL_.jpg","Riz Ahmed, John Turturro",8.4,141346
tt0163507,211,Whose Line Is It Anyway?,Whose Line Is It Anyway? (1998),1998,"https://m.media-amazon.com/images/M/MV5BYmJjMTVhYjQtMjBmMC00NWYxLTk2YmEtYWIxZDUzYjljZTYxXkEyXkFqcGdeQXVyNTA4NzY1MzY@._V1_UX128_CR0,3,128,176_AL_.jpg","Drew Carey, Colin Mochrie",8.4,42450
tt1124373,212,Sons of Anarchy,Sons of Anarchy (2008),2008,"https://m.media-amazon.com/images/M/MV5BMTEyODg2NzkwMDBeQTJeQWpwZ15BbWU4MDQwODI3MzIx._V1_UX128_CR0,3,128,176_AL_.jpg","Charlie Hunnam, Katey Sagal",8.4,284509
tt0129690,213,I'm Alan Partridge,I'm Alan Partridge (1997),1997,"https://m.media-amazon.com/images/M/MV5BODRmYzYzZjItMzNmYy00NGE5LTk0MjctYWJkOGNlOWM2MWM1XkEyXkFqcGdeQXVyNjU0OTQ0OTY@._V1_UX128_CR0,3,128,176_AL_.jpg","Steve Coogan, Simon Greenall",8.4,20064
tt1442449,214,Spartacus,Spartacus (2010),2010,"https://m.media-amazon.com/images/M/MV5BZWQ4MjA2YzEtOTQzYi00NWQ1LWI0ZDEtN2VkZjhmYTc3MzU0XkEyXkFqcGdeQXVyNDIzMzcwNjc@._V1_UX128_CR0,3,128,176_AL_.jpg","Andy Whitfield, Lucy Lawless",8.4,235380
tt3895150,215,Your Lie in April,Your Lie in April (2014),2014,"https://m.media-amazon.com/images/M/MV5BYThlNWY5ZDgtYTIxNC00ZjdiLWJmNGUtMDFjMDlmZTAzOWFiXkEyXkFqcGdeQXVyNTM4NzAzNjc@._V1_UX128_CR0,3,128,176_AL_.jpg","Natsuki Hanae, Risa Taneda",8.4,25397
tt7278862,216,My Brilliant Friend,My Brilliant Friend (2018),2018,"https://m.media-amazon.com/images/M/MV5BODU3Nzg5NGMtOTE2MS00YWQ0LTgyYzktMWM3YjNmYjlmZTliXkEyXkFqcGdeQXVyMTMxODk2OTU@._V1_UX128_CR0,3,128,176_AL_.jpg","Alba Rohrwacher, Margherita Mazzucco",8.4,12589
tt3920596,217,Big Little Lies,Big Little Lies (2017),2017,"https://m.media-amazon.com/images/M/MV5BZmNjYzdjN2ItOTBlNy00Mjc0LWE4YmMtYTQ4ZjQzNTMyNDc4XkEyXkFqcGdeQXVyMTkxNjUyNQ@@._V1_UX128_CR0,3,128,176_AL_.jpg","Reese Witherspoon, Nicole Kidman",8.4,184836
tt10155688,218,Mare of Easttown,Mare of Easttown (2021),2021,"https://m.media-amazon.com/images/M/MV5BYjIyOGU1NzAtODZmYi00NGMzLWJiMjItNGNjNTFjOTM5ZDJhXkEyXkFqcGdeQXVyMTEyMjM2NDc2._V1_UX128_CR0,3,128,176_AL_.jpg","Kate Winslet, Julianne Nicholson",8.4,135606
tt0262150,219,Black Books,Black Books (2000),2000,"https://m.media-amazon.com/images/M/MV5BODZjOGMxMGUtYTY3YS00NjcxLWFkY2EtYzc3NDVkZjk0YWY2XkEyXkFqcGdeQXVyNTA4NzY1MzY@._V1_UY176_CR0,0,128,176_AL_.jpg","Dylan Moran, Bill Bailey",8.4,57419
tt3526078,220,Schitt's Creek,Schitt's Creek (2015),2015,"https://m.media-amazon.com/images/M/MV5BNWQ1ZmM3MTQtNTVhZC00MWVlLWI5ZjgtYmZiYWQxZjUzZWM0XkEyXkFqcGdeQXVyMzQ2MDI5NjU@._V1_UX128_CR0,3,128,176_AL_.jpg","Eugene Levy, Catherine O'Hara",8.4,108995
tt5249462,221,Erased,Erased (2016),2016,"https://m.media-amazon.com/images/M/MV5BNDFmYjRkZWYtNjgyZS00YTY5LWIyMmQtZTI0OGRiOGM5NGY3L2ltYWdlL2ltYWdlXkEyXkFqcGdeQXVyNTAyODkwOQ@@._V1_UX128_CR0,3,128,176_AL_.jpg","Ben Diskin, Tao Tsuchiya",8.4,41112
tt6958022,222,The Defiant Ones,The Defiant Ones (2017),2017,"https://m.media-amazon.com/images/M/MV5BNjAyMjg0MTMtZmUxZC00MzhiLTk1YzYtOGE4YWNmYmIzMjc4XkEyXkFqcGdeQXVyMTMxODk2OTU@._V1_UX128_CR0,3,128,176_AL_.jpg","Dr. Dre, Bono",8.4,13804
tt0472027,223,John Adams,John Adams (2008),2008,"https://m.media-amazon.com/images/M/MV5BMTQwNDc0MDE2MF5BMl5BanBnXkFtZTcwODYwNjE2MQ@@._V1_UY176_CR0,0,128,176_AL_.jpg","Paul Giamatti, Laura Linney",8.4,31649
tt12451520,224,It's Okay to Not Be Okay,It's Okay to Not Be Okay (2020),2020,"https://m.media-amazon.com/images/M/MV5BYTk0Nzk5ZWYtYTNlZi00YjBjLWJhYjctMWMwMmYyMDA5ZjJmXkEyXkFqcGdeQXVyNDY5MjMyNTg@._V1_UX128_CR0,1,128,176_AL_.jpg","Kim Soo-hyun, Seo Ye-Ji",8.4,19546
tt11301642,225,Ethos,Ethos (2020),2020,"https://m.media-amazon.com/images/M/MV5BZjkyMTYyMDktNjQxZC00Y2U0LThkMDYtYmU2YzY5OTlmYzcwXkEyXkFqcGdeQXVyMTI1NDEyNTM5._V1_UX128_CR0,3,128,176_AL_.jpg","Öykü Karayel, Fatih Artman",8.4,25634
tt7658402,226,Harley Quinn,Harley Quinn (2019),2019,"https://m.media-amazon.com/images/M/MV5BNWRhMTVhNjgtZjcyMS00N2YzLWI2N2QtNTYwMGFlOTdmMGY1XkEyXkFqcGdeQXVyMjkyNzYwMTc@._V1_UX128_CR0,3,128,176_AL_.jpg","Kaley Cuoco, Lake Bell",8.4,22026
tt9398466,227,Delhi Crime,Delhi Crime (2019),2019,"https://m.media-amazon.com/images/M/MV5BODg1MTYyZjYtMzJhZi00ZjI3LWI3MTItZTFhZDNhZmYwMjYwXkEyXkFqcGdeQXVyODE5NzE3OTE@._V1_UX128_CR0,3,128,176_AL_.jpg","Shefali Shah, Rajesh Tailang",8.4,18315
tt2937900,228,The Knick,The Knick (2014),2014,"https://m.media-amazon.com/images/M/MV5BMTQ5NzcyNDc5MV5BMl5BanBnXkFtZTgwMDMyOTY5NjE@._V1_UX128_CR0,3,128,176_AL_.jpg","André Holland, Clive Owen",8.4,47247
tt1710308,229,Regular Show,Regular Show (2009),2009,"https://m.media-amazon.com/images/M/MV5BMTM3MjYwODA3MV5BMl5BanBnXkFtZTcwOTc5Nzc4Nw@@._V1_UX128_CR0,3,128,176_AL_.jpg","J.G. Quintel, William Salyers",8.4,38587
tt1227926,230,Dr. Horrible's Sing-Along Blog,Dr. Horrible's Sing-Along Blog (2008),2008,"https://m.media-amazon.com/images/M/MV5BZTIxZmRmZWItNmI1MS00ZDU3LWE2ZTQtODc1NDE3NjRiYzczXkEyXkFqcGdeQXVyNTA4NzY1MzY@._V1_UX128_CR0,1,128,176_AL_.jpg","Neil Patrick Harris, Nathan Fillion",8.4,43044
tt2674806,231,Inside No. 9,Inside No. 9 (2014),2014,"https://m.media-amazon.com/images/M/MV5BYTY1Y2UzMmItZDgzMC00Nzc1LTk3ZDAtYWM4MGFhNzdkYzU1XkEyXkFqcGdeQXVyMjQ1NjEyNzE@._V1_UX128_CR0,1,128,176_AL_.jpg","Reece Shearsmith, Steve Pemberton",8.4,15621
tt1439629,232,Community,Community (2009),2009,"https://m.media-amazon.com/images/M/MV5BNDQ5NDZiYjktZmFmMy00MjAxLTk1MDktOGZjYTY5YTE1ODdmXkEyXkFqcGdeQXVyNjcwMzEzMTU@._V1_UX128_CR0,1,128,176_AL_.jpg","Joel McHale, Danny Pudi",8.4,247826
tt1883092,233,Generation War,Generation War (2013),2013,"https://m.media-amazon.com/images/M/MV5BMTYwMzIyMjg5M15BMl5BanBnXkFtZTgwNzM1NjI2MDE@._V1_UX128_CR0,3,128,176_AL_.jpg","Volker Bruch, Tom Schilling",8.4,28922
tt9561862,234,"Love, Death & Robots","Love, Death & Robots (2019)",2019,"https://m.media-amazon.com/images/M/MV5BYjEwOWQ0MjktMjZjNy00Mzc1LWE5NTItMDQ1Yjc0Zjk0NTBlXkEyXkFqcGdeQXVyMTEyMjM2NDc2._V1_UX128_CR0,3,128,176_AL_.jpg","Scott Whyte, Nolan North",8.4,132163
tt5425186,235,Horace and Pete,Horace and Pete (2016),2016,"https://m.media-amazon.com/images/M/MV5BNjRhOGY5ZmMtYWE5ZC00ZDA2LTk3NDItN2FlOGE5MjQwMjVkXkEyXkFqcGdeQXVyNTA4NzY1MzY@._V1_UX128_CR0,3,128,176_AL_.jpg","Louis C.K., Steve Buscemi",8.4,16224
tt0118266,236,The New Batman Adventures,The New Batman Adventures (1997),1997,"https://m.media-amazon.com/images/M/MV5BY2JkYjE4MWYtMGJlZC00OWVhLWJlMmUtNGQzYjM0ZDUxNGI2XkEyXkFqcGdeQXVyMjM5NDQzNTk@._V1_UY176_CR0,0,128,176_AL_.jpg","Kevin Conroy, Tara Strong",8.4,16634
tt5675620,237,The Punisher,The Punisher (2017),2017,"https://m.media-amazon.com/images/M/MV5BMTExODIwOTUxNzFeQTJeQWpwZ15BbWU4MDE5MDA0MTcz._V1_UX128_CR0,3,128,176_AL_.jpg","Jon Bernthal, Amber Rose Revah",8.4,214688
tt0149460,238,Futurama,Futurama (1999),1999,"https://m.media-amazon.com/images/M/MV5BNzA2ZDk2ZTUtMWU2Yi00NDVmLTk1ODEtMmFmMjQyNWYzODI0XkEyXkFqcGdeQXVyNTA4NzY1MzY@._V1_UX128_CR0,3,128,176_AL_.jpg","Billy West, John DiMaggio",8.4,227566
tt0061287,239,The Prisoner,The Prisoner (1967),1967,"https://m.media-amazon.com/images/M/MV5BMjMyMDk0NTMxNV5BMl5BanBnXkFtZTgwNTA2NTQxMTE@._V1_UX128_CR0,3,128,176_AL_.jpg","Patrick McGoohan, Angelo Muscat",8.4,13675
tt2433738,240,Wentworth,Wentworth (2013),2013,"https://m.media-amazon.com/images/M/MV5BZDkxZmFhMDAtMmIyZS00NjAwLThlYjctZDQwMWQwYzdlYWY4XkEyXkFqcGdeQXVyNTE1NjY5Mg@@._V1_UX128_CR0,3,128,176_AL_.jpg","Kate Atkinson, Katrina Milosevic",8.4,21388
tt0417373,241,The Venture Bros.,The Venture Bros. (2003),2003,"https://m.media-amazon.com/images/M/MV5BMGQzMzc4ZGMtMzljYS00YmRjLTg1MDctOTBiM2ZmZDg4NDA4XkEyXkFqcGdeQXVyNTA4NzY1MzY@._V1_UX128_CR0,3,128,176_AL_.jpg","Christopher McCulloch, James Urbaniak",8.4,25287
tt0075520,242,Jesus of Nazareth,Jesus of Nazareth (1977),1977,"https://m.media-amazon.com/images/M/MV5BMTVmZWU2YzQtMGU0My00ZDM0LTlhNjItMTFiOThjNDJlYTliXkEyXkFqcGdeQXVyNTA4NzY1MzY@._V1_UX128_CR0,1,128,176_AL_.jpg","Robert Powell, Olivia Hussey",8.4,21650
tt7927936,243,Flames,Flames (2018),2018,"https://m.media-amazon.com/images/M/MV5BMGM5OTlmNjYtYmFlZi00MDY3LTk5YTctNTBlNjliZjEzY2E2XkEyXkFqcGdeQXVyOTAzMTc2MjA@._V1_UY176_CR6,0,128,176_AL_.jpg","Ritvik Sahore, Tanya Maniktala",8.4,28099
tt1298820,244,Clannad: After Story,Clannad: After Story (2008),2008,"https://m.media-amazon.com/images/M/MV5BYTcwNzQzNTktYjY1MC00YTVkLThkMGItZGQ3ZjBjNTc1ZmY4XkEyXkFqcGdeQXVyNTA4NzY1MzY@._V1_UX128_CR0,1,128,176_AL_.jpg","Yûichi Nakamura, David Matranga",8.4,10568
tt1984119,245,Feud: Bette and Joan,Feud: Bette and Joan (2017),2017,"https://m.media-amazon.com/images/M/MV5BMjA2ODdhY2YtNDAzZi00MDQ5LTljZmYtMjcyZmJiY2YxOWE1L2ltYWdlXkEyXkFqcGdeQXVyNjY5NjM5MjA@._V1_UX128_CR0,3,128,176_AL_.jpg","Susan Sarandon, Jessica Lange",8.4,18671
tt0103584,246,X-Men: The Animated Series,X-Men: The Animated Series (1992),1992,"https://m.media-amazon.com/images/M/MV5BNTVjNmEwNTMtNmQ2ZC00MGJkLWI3MDgtNzMyNTc4YjVkNTQ1L2ltYWdlXkEyXkFqcGdeQXVyNTAyODkwOQ@@._V1_UY176_CR0,0,128,176_AL_.jpg","Cedric Smith, Cal Dodd",8.4,41131
tt0421291,247,Avrupa Yakasi,Avrupa Yakasi (2004),2004,"https://m.media-amazon.com/images/M/MV5BZDEzNzk4YmQtYWRhMi00ZGRmLTg2M2YtZjM2YTY0MWE1YWYwXkEyXkFqcGdeQXVyNDQ2MTMzODA@._V1_UX128_CR0,1,128,176_AL_.jpg","Gülse Birsel, Levent Üzümcü",8.4,17964
tt0070644,248,Scenes from a Marriage,Scenes from a Marriage (1973),1973,"https://m.media-amazon.com/images/M/MV5BZDgzY2VlM2ItZTVjYS00ZmIxLTlmYWEtMzQzNGZkYTk2MDY3XkEyXkFqcGdeQXVyNTcwNjUwNzk@._V1_UY176_CR6,0,128,176_AL_.jpg","Liv Ullmann, Erland Josephson",8.4,16237
tt0346314,249,Ghost in the Shell: Stand Alone Complex,Ghost in the Shell: Stand Alone Complex (2002),2002,"https://m.media-amazon.com/images/M/MV5BZWQxZDhiNGEtYmRhYy00OGUxLThhYTMtNjUzMjY0YzhiYjU3XkEyXkFqcGdeQXVyNDYzNTI2ODc@._V1_UY176_CR0,0,128,176_AL_.jpg","Shirô Saitô, Mary Elizabeth McGlynn",8.4,19316
tt11854694,250,Special OPS,Special OPS (2020),2020,"https://m.media-amazon.com/images/M/MV5BMDc3Zjc4NjAtMTI2MC00YmQwLTk3MmItZTZiNWM0YmNiNmNkXkEyXkFqcGdeQXVyNDAzNDk0MTQ@._V1_UX128_CR0,3,128,176_AL_.jpg","Kay Kay Menon, Karan Tacker",8.4,30039
tt7462410,0,The Wheel of Time,The Wheel of Time (TV Series 2021– ),2021,,"Rosamund Pike, Daniel Henney",7.2,85286
